"page","short-url","maxPages","items","year","coo_id","coo_name","coo","coo_iso","coa_id","coa_name","coa","coa_iso","refugees","asylum_seekers","returned_refugees","idps","returned_idps","stateless","ooc","oip","hst"
1,"Jfa7J6",1,1,1992,164,"Serbia and Kosovo: S/RES/1244 (1999)","SRB","SRB",3,"Albania","ALB","ALB",3000,"0","0","0","0","0","0","-","0"
1,"Jfa7J6",1,2,1993,164,"Serbia and Kosovo: S/RES/1244 (1999)","SRB","SRB",3,"Albania","ALB","ALB",3000,"0","0","0","0","0","0","-","0"
1,"Jfa7J6",1,3,1994,164,"Serbia and Kosovo: S/RES/1244 (1999)","SRB","SRB",3,"Albania","ALB","ALB",3000,"0","0","0","0","0","0","-","0"
1,"Jfa7J6",1,4,1995,29,"Bosnia and Herzegovina","BSN","BIH",3,"Albania","ALB","ALB",45,"0","0","0","0","0","0","-","0"
1,"Jfa7J6",1,5,1995,37,"China","CHI","CHN",3,"Albania","ALB","ALB",150,"0","0","0","0","0","0","-","0"
1,"Jfa7J6",1,6,1995,92,"Iraq","IRQ","IRQ",3,"Albania","ALB","ALB",203,"0","0","0","0","0","0","-","0"
1,"Jfa7J6",1,7,1995,112,"Sri Lanka","LKA","LKA",3,"Albania","ALB","ALB",50,"0","0","0","0","0","0","-","0"
1,"Jfa7J6",1,8,1995,120,"North Macedonia","MCD","MKD",3,"Albania","ALB","ALB",100,"0","0","0","0","0","0","-","0"
1,"Jfa7J6",1,9,1995,164,"Serbia and Kosovo: S/RES/1244 (1999)","SRB","SRB",3,"Albania","ALB","ALB",4018,"0","0","0","0","0","0","-","0"
1,"Jfa7J6",1,10,1995,185,"Syrian Arab Rep.","SYR","SYR",3,"Albania","ALB","ALB",5,"0","0","0","0","0","0","-","0"
1,"Jfa7J6",1,11,1995,196,"Türkiye","TUR","TUR",3,"Albania","ALB","ALB",150,"0","0","0","0","0","0","-","0"
1,"Jfa7J6",1,12,1996,29,"Bosnia and Herzegovina","BSN","BIH",3,"Albania","ALB","ALB",45,"0","0","0","0","0","0","-","0"
1,"Jfa7J6",1,13,1996,37,"China","CHI","CHN",3,"Albania","ALB","ALB",150,"0","0","0","0","0","0","-","0"
1,"Jfa7J6",1,14,1996,92,"Iraq","IRQ","IRQ",3,"Albania","ALB","ALB",203,"0","0","0","0","0","0","-","0"
1,"Jfa7J6",1,15,1996,112,"Sri Lanka","LKA","LKA",3,"Albania","ALB","ALB",50,"0","0","0","0","0","0","-","0"
1,"Jfa7J6",1,16,1996,120,"North Macedonia","MCD","MKD",3,"Albania","ALB","ALB",100,"0","0","0","0","0","0","-","0"
1,"Jfa7J6",1,17,1996,164,"Serbia and Kosovo: S/RES/1244 (1999)","SRB","SRB",3,"Albania","ALB","ALB",4024,"0","0","0","0","0","0","-","0"
1,"Jfa7J6",1,18,1996,185,"Syrian Arab Rep.","SYR","SYR",3,"Albania","ALB","ALB",5,"0","0","0","0","0","0","-","0"
1,"Jfa7J6",1,19,1996,196,"Türkiye","TUR","TUR",3,"Albania","ALB","ALB",150,"0","0","0","0","0","0","-","0"
1,"Jfa7J6",1,20,1996,262,"Unknown ","UKN","UNK",3,"Albania","ALB","ALB",200,"0","0","0","0","0","0","-","0"
1,"Jfa7J6",1,21,1997,92,"Iraq","IRQ","IRQ",3,"Albania","ALB","ALB",5,"0","0","0","0","0","0","-","0"
1,"Jfa7J6",1,22,1997,164,"Serbia and Kosovo: S/RES/1244 (1999)","SRB","SRB",3,"Albania","ALB","ALB",24,"0","0","0","0","0","0","-","0"
1,"Jfa7J6",1,23,1997,185,"Syrian Arab Rep.","SYR","SYR",3,"Albania","ALB","ALB",5,"0","0","0","0","0","0","-","0"
1,"Jfa7J6",1,24,1998,92,"Iraq","IRQ","IRQ",3,"Albania","ALB","ALB",5,"0","0","0","0","0","0","-","0"
1,"Jfa7J6",1,25,1998,164,"Serbia and Kosovo: S/RES/1244 (1999)","SRB","SRB",3,"Albania","ALB","ALB",22324,"0","0","0","0","0","0","-","0"
1,"Jfa7J6",1,26,1998,185,"Syrian Arab Rep.","SYR","SYR",3,"Albania","ALB","ALB",5,"0","0","0","0","0","0","-","0"
1,"Jfa7J6",1,27,1999,84,"Croatia","HRV","HRV",3,"Albania","ALB","ALB",5,"0","0","0","0","0","0","-","0"
1,"Jfa7J6",1,28,1999,92,"Iraq","IRQ","IRQ",3,"Albania","ALB","ALB",9,"0","0","0","0","0","0","-","0"
1,"Jfa7J6",1,29,1999,164,"Serbia and Kosovo: S/RES/1244 (1999)","SRB","SRB",3,"Albania","ALB","ALB",3918,"0",435790,"0","0","0","0","-","0"
1,"Jfa7J6",1,30,2000,92,"Iraq","IRQ","IRQ",3,"Albania","ALB","ALB",9,"0","0","0","0","0","0","-","0"
1,"Jfa7J6",1,31,2000,164,"Serbia and Kosovo: S/RES/1244 (1999)","SRB","SRB",3,"Albania","ALB","ALB",507,5,146,"0","0","0","0","-","0"
1,"Jfa7J6",1,32,2000,196,"Türkiye","TUR","TUR",3,"Albania","ALB","ALB",5,"0","0","0","0","0","0","-","0"
1,"Jfa7J6",1,33,2001,92,"Iraq","IRQ","IRQ",3,"Albania","ALB","ALB",7,"0","0","0","0","0","0","-","0"
1,"Jfa7J6",1,34,2001,120,"North Macedonia","MCD","MKD",3,"Albania","ALB","ALB",6,29,4600,"0","0","0","0","-","0"
1,"Jfa7J6",1,35,2001,164,"Serbia and Kosovo: S/RES/1244 (1999)","SRB","SRB",3,"Albania","ALB","ALB",278,5,239,"0","0","0","0","-","0"
1,"Jfa7J6",1,36,2001,196,"Türkiye","TUR","TUR",3,"Albania","ALB","ALB","0",37,"0","0","0","0","0","-","0"
1,"Jfa7J6",1,37,2002,92,"Iraq","IRQ","IRQ",3,"Albania","ALB","ALB",5,5,"0","0","0","0","0","-","0"
1,"Jfa7J6",1,38,2002,120,"North Macedonia","MCD","MKD",3,"Albania","ALB","ALB","0","0",9,"0","0","0","0","-","0"
1,"Jfa7J6",1,39,2002,164,"Serbia and Kosovo: S/RES/1244 (1999)","SRB","SRB",3,"Albania","ALB","ALB",6,30,7,"0","0","0","0","-","0"
1,"Jfa7J6",1,40,2002,196,"Türkiye","TUR","TUR",3,"Albania","ALB","ALB",7,11,"0","0","0","0","0","-","0"
1,"Jfa7J6",1,41,2003,92,"Iraq","IRQ","IRQ",3,"Albania","ALB","ALB",7,"0","0","0","0","0","0","-","0"
1,"Jfa7J6",1,42,2003,120,"North Macedonia","MCD","MKD",3,"Albania","ALB","ALB","0",10,"0","0","0","0","0","-","0"
1,"Jfa7J6",1,43,2003,164,"Serbia and Kosovo: S/RES/1244 (1999)","SRB","SRB",3,"Albania","ALB","ALB",10,76,5,"0","0","0","0","-","0"
1,"Jfa7J6",1,44,2003,196,"Türkiye","TUR","TUR",3,"Albania","ALB","ALB",7,"0","0","0","0","0","0","-","0"
1,"Jfa7J6",1,45,2004,92,"Iraq","IRQ","IRQ",3,"Albania","ALB","ALB",9,"0","0","0","0","0","0","-","0"
1,"Jfa7J6",1,46,2004,120,"North Macedonia","MCD","MKD",3,"Albania","ALB","ALB","0",7,"0","0","0","0","0","-","0"
1,"Jfa7J6",1,47,2004,164,"Serbia and Kosovo: S/RES/1244 (1999)","SRB","SRB",3,"Albania","ALB","ALB",33,23,5,"0","0","0","0","-","0"
1,"Jfa7J6",1,48,2004,196,"Türkiye","TUR","TUR",3,"Albania","ALB","ALB",7,"0","0","0","0","0","0","-","0"
1,"Jfa7J6",1,49,2005,88,"India","IND","IND",3,"Albania","ALB","ALB","0",5,"0","0","0","0","0","-","0"
1,"Jfa7J6",1,50,2005,92,"Iraq","IRQ","IRQ",3,"Albania","ALB","ALB",7,"0","0","0","0","0","0","-","0"
1,"Jfa7J6",1,51,2005,120,"North Macedonia","MCD","MKD",3,"Albania","ALB","ALB","0",5,"0","0","0","0","0","-","0"
1,"Jfa7J6",1,52,2005,164,"Serbia and Kosovo: S/RES/1244 (1999)","SRB","SRB",3,"Albania","ALB","ALB",40,22,"0","0","0","0","0","-","0"
1,"Jfa7J6",1,53,2005,196,"Türkiye","TUR","TUR",3,"Albania","ALB","ALB",6,"0","0","0","0","0","0","-","0"
1,"Jfa7J6",1,54,2006,37,"China","CHI","CHN",3,"Albania","ALB","ALB",5,"0","0","0","0","0","0","-","0"
1,"Jfa7J6",1,55,2006,92,"Iraq","IRQ","IRQ",3,"Albania","ALB","ALB",5,"0","0","0","0","0","0","-","0"
1,"Jfa7J6",1,56,2006,120,"North Macedonia","MCD","MKD",3,"Albania","ALB","ALB","0",8,"0","0","0","0","0","-","0"
1,"Jfa7J6",1,57,2006,164,"Serbia and Kosovo: S/RES/1244 (1999)","SRB","SRB",3,"Albania","ALB","ALB",40,19,"0","0","0","0","0","-","0"
1,"Jfa7J6",1,58,2006,196,"Türkiye","TUR","TUR",3,"Albania","ALB","ALB",6,"0","0","0","0","0","0","-","0"
1,"Jfa7J6",1,59,2007,37,"China","CHI","CHN",3,"Albania","ALB","ALB",5,"0","0","0","0","0","0","-","0"
1,"Jfa7J6",1,60,2007,92,"Iraq","IRQ","IRQ",3,"Albania","ALB","ALB",5,"0","0","0","0","0","0","-","0"
1,"Jfa7J6",1,61,2007,164,"Serbia and Kosovo: S/RES/1244 (1999)","SRB","SRB",3,"Albania","ALB","ALB",51,16,"0","0","0","0","0","-","0"
1,"Jfa7J6",1,62,2007,196,"Türkiye","TUR","TUR",3,"Albania","ALB","ALB",7,"0","0","0","0","0","0","-","0"
1,"Jfa7J6",1,63,2008,37,"China","CHI","CHN",3,"Albania","ALB","ALB",5,"0","0","0","0","0","0","-","0"
1,"Jfa7J6",1,64,2008,92,"Iraq","IRQ","IRQ",3,"Albania","ALB","ALB",5,"0","0","0","0","0","0","-","0"
1,"Jfa7J6",1,65,2008,164,"Serbia and Kosovo: S/RES/1244 (1999)","SRB","SRB",3,"Albania","ALB","ALB",47,20,6,"0","0","0","0","-","0"
1,"Jfa7J6",1,66,2009,37,"China","CHI","CHN",3,"Albania","ALB","ALB",6,"0","0","0","0","0","0","-","0"
1,"Jfa7J6",1,67,2009,69,"Palestinian","GAZ","PSE",3,"Albania","ALB","ALB",5,"0","0","0","0","0","0","-","0"
1,"Jfa7J6",1,68,2009,92,"Iraq","IRQ","IRQ",3,"Albania","ALB","ALB",5,"0","0","0","0","0","0","-","0"
1,"Jfa7J6",1,69,2009,164,"Serbia and Kosovo: S/RES/1244 (1999)","SRB","SRB",3,"Albania","ALB","ALB",48,19,"0","0","0","0","0","-","0"
1,"Jfa7J6",1,70,2009,196,"Türkiye","TUR","TUR",3,"Albania","ALB","ALB",5,"0","0","0","0","0","0","-","0"
1,"Jfa7J6",1,71,2010,8,"Egypt","ARE","EGY",3,"Albania","ALB","ALB",5,"0","0","0","0","0","0","-","0"
1,"Jfa7J6",1,72,2010,37,"China","CHI","CHN",3,"Albania","ALB","ALB",6,"0","0","0","0","0","0","-","0"
1,"Jfa7J6",1,73,2010,69,"Palestinian","GAZ","PSE",3,"Albania","ALB","ALB",5,"0","0","0","0","0","0","-","0"
1,"Jfa7J6",1,74,2010,92,"Iraq","IRQ","IRQ",3,"Albania","ALB","ALB",5,"0","0","0","0","0","0","-","0"
1,"Jfa7J6",1,75,2010,164,"Serbia and Kosovo: S/RES/1244 (1999)","SRB","SRB",3,"Albania","ALB","ALB",49,20,"0","0","0","0","0","-","0"
1,"Jfa7J6",1,76,2010,196,"Türkiye","TUR","TUR",3,"Albania","ALB","ALB",5,"0","0","0","0","0","0","-","0"
1,"Jfa7J6",1,77,2011,8,"Egypt","ARE","EGY",3,"Albania","ALB","ALB",5,"0","0","0","0","0","0","-","0"
1,"Jfa7J6",1,78,2011,37,"China","CHI","CHN",3,"Albania","ALB","ALB",9,"0","0","0","0","0","0","-","0"
1,"Jfa7J6",1,79,2011,69,"Palestinian","GAZ","PSE",3,"Albania","ALB","ALB",5,"0","0","0","0","0","0","-","0"
1,"Jfa7J6",1,80,2011,92,"Iraq","IRQ","IRQ",3,"Albania","ALB","ALB",5,"0","0","0","0","0","0","-","0"
1,"Jfa7J6",1,81,2011,172,"Somalia","SOM","SOM",3,"Albania","ALB","ALB","0",5,"0","0","0","0","0","-","0"
1,"Jfa7J6",1,82,2011,164,"Serbia and Kosovo: S/RES/1244 (1999)","SRB","SRB",3,"Albania","ALB","ALB",50,21,"0","0","0","0","0","-","0"
1,"Jfa7J6",1,83,2011,196,"Türkiye","TUR","TUR",3,"Albania","ALB","ALB",5,"0","0","0","0","0","0","-","0"
1,"Jfa7J6",1,84,2012,37,"China","CHI","CHN",3,"Albania","ALB","ALB",10,"0","0","0","0","0","0","-","0"
1,"Jfa7J6",1,85,2012,41,"Dem. Rep. of the Congo","COD","COD",3,"Albania","ALB","ALB","0",5,"0","0","0","0","0","-","0"
1,"Jfa7J6",1,86,2012,69,"Palestinian","GAZ","PSE",3,"Albania","ALB","ALB",5,"0","0","0","0","0","0","-","0"
1,"Jfa7J6",1,87,2012,92,"Iraq","IRQ","IRQ",3,"Albania","ALB","ALB",5,"0","0","0","0","0","0","-","0"
1,"Jfa7J6",1,88,2012,164,"Serbia and Kosovo: S/RES/1244 (1999)","SRB","SRB",3,"Albania","ALB","ALB",54,18,"0","0","0","0","0","-","0"
1,"Jfa7J6",1,89,2012,216,"Stateless","STA","XXA",3,"Albania","ALB","ALB","0","0","0","0","0",7443,"0","-","0"
1,"Jfa7J6",1,90,2012,185,"Syrian Arab Rep.","SYR","SYR",3,"Albania","ALB","ALB","0",5,"0","0","0","0","0","-","0"
1,"Jfa7J6",1,91,2012,196,"Türkiye","TUR","TUR",3,"Albania","ALB","ALB",5,"0","0","0","0","0","0","-","0"
1,"Jfa7J6",1,92,2012,203,"Uzbekistan","UZB","UZB",3,"Albania","ALB","ALB",5,"0","0","0","0","0","0","-","0"
1,"Jfa7J6",1,93,2013,8,"Egypt","ARE","EGY",3,"Albania","ALB","ALB",5,"0","0","0","0","0","0","-","0"
1,"Jfa7J6",1,94,2013,37,"China","CHI","CHN",3,"Albania","ALB","ALB",12,"0","0","0","0","0","0","-","0"
1,"Jfa7J6",1,95,2013,41,"Dem. Rep. of the Congo","COD","COD",3,"Albania","ALB","ALB",5,"0","0","0","0","0","0","-","0"
1,"Jfa7J6",1,96,2013,69,"Palestinian","GAZ","PSE",3,"Albania","ALB","ALB",5,"0","0","0","0","0","0","-","0"
1,"Jfa7J6",1,97,2013,91,"Iran (Islamic Rep. of)","IRN","IRN",3,"Albania","ALB","ALB","0",196,"0","0","0","0","0","-","0"
1,"Jfa7J6",1,98,2013,92,"Iraq","IRQ","IRQ",3,"Albania","ALB","ALB",5,"0","0","0","0","0","0","-","0"
1,"Jfa7J6",1,99,2013,164,"Serbia and Kosovo: S/RES/1244 (1999)","SRB","SRB",3,"Albania","ALB","ALB",54,17,"0","0","0","0","0","-","0"
1,"Jfa7J6",1,100,2013,216,"Stateless","STA","XXA",3,"Albania","ALB","ALB","0","0","0","0","0",7443,"0","-","0"
1,"Jfa7J6",1,101,2013,185,"Syrian Arab Rep.","SYR","SYR",3,"Albania","ALB","ALB","0",15,"0","0","0","0","0","-","0"
1,"Jfa7J6",1,102,2013,196,"Türkiye","TUR","TUR",3,"Albania","ALB","ALB",5,"0","0","0","0","0","0","-","0"
1,"Jfa7J6",1,103,2013,203,"Uzbekistan","UZB","UZB",3,"Albania","ALB","ALB",5,"0","0","0","0","0","0","-","0"
1,"Jfa7J6",1,104,2014,8,"Egypt","ARE","EGY",3,"Albania","ALB","ALB",5,"0","0","0","0","0","0","-","0"
1,"Jfa7J6",1,105,2014,13,"Azerbaijan","AZE","AZE",3,"Albania","ALB","ALB","0",5,"0","0","0","0","0","-","0"
1,"Jfa7J6",1,106,2014,37,"China","CHI","CHN",3,"Albania","ALB","ALB",12,"0","0","0","0","0","0","-","0"
1,"Jfa7J6",1,107,2014,41,"Dem. Rep. of the Congo","COD","COD",3,"Albania","ALB","ALB",5,"0","0","0","0","0","0","-","0"
1,"Jfa7J6",1,108,2014,69,"Palestinian","GAZ","PSE",3,"Albania","ALB","ALB",5,"0","0","0","0","0","0","-","0"
1,"Jfa7J6",1,109,2014,91,"Iran (Islamic Rep. of)","IRN","IRN",3,"Albania","ALB","ALB","0",456,"0","0","0","0","0","-","0"
1,"Jfa7J6",1,110,2014,92,"Iraq","IRQ","IRQ",3,"Albania","ALB","ALB",5,"0","0","0","0","0","0","-","0"
1,"Jfa7J6",1,111,2014,164,"Serbia and Kosovo: S/RES/1244 (1999)","SRB","SRB",3,"Albania","ALB","ALB",64,13,"0","0","0","0","0","-","0"
1,"Jfa7J6",1,112,2014,216,"Stateless","STA","XXA",3,"Albania","ALB","ALB","0","0","0","0","0",7443,"0","-","0"
1,"Jfa7J6",1,113,2014,185,"Syrian Arab Rep.","SYR","SYR",3,"Albania","ALB","ALB",5,8,"0","0","0","0","0","-","0"
1,"Jfa7J6",1,114,2014,196,"Türkiye","TUR","TUR",3,"Albania","ALB","ALB",5,"0","0","0","0","0","0","-","0"
1,"Jfa7J6",1,115,2014,203,"Uzbekistan","UZB","UZB",3,"Albania","ALB","ALB",5,"0","0","0","0","0","0","-","0"
1,"Jfa7J6",1,116,2015,8,"Egypt","ARE","EGY",3,"Albania","ALB","ALB",5,"0","0","0","0","0","0","-","0"
1,"Jfa7J6",1,117,2015,37,"China","CHI","CHN",3,"Albania","ALB","ALB",11,"0","0","0","0","0","0","-","0"
1,"Jfa7J6",1,118,2015,41,"Dem. Rep. of the Congo","COD","COD",3,"Albania","ALB","ALB","0",5,"0","0","0","0","0","-","0"
1,"Jfa7J6",1,119,2015,69,"Palestinian","GAZ","PSE",3,"Albania","ALB","ALB",5,"0","0","0","0","0","0","-","0"
1,"Jfa7J6",1,120,2015,91,"Iran (Islamic Rep. of)","IRN","IRN",3,"Albania","ALB","ALB",9,813,"0","0","0","0","0","-","0"
1,"Jfa7J6",1,121,2015,92,"Iraq","IRQ","IRQ",3,"Albania","ALB","ALB",5,"0","0","0","0","0","0","-","0"
1,"Jfa7J6",1,122,2015,164,"Serbia and Kosovo: S/RES/1244 (1999)","SRB","SRB",3,"Albania","ALB","ALB",59,12,"0","0","0","0","0","-","0"
1,"Jfa7J6",1,123,2015,216,"Stateless","STA","XXA",3,"Albania","ALB","ALB","0","0","0","0","0",7442,"0","-","0"
1,"Jfa7J6",1,124,2015,185,"Syrian Arab Rep.","SYR","SYR",3,"Albania","ALB","ALB",5,"0","0","0","0","0","0","-","0"
1,"Jfa7J6",1,125,2015,196,"Türkiye","TUR","TUR",3,"Albania","ALB","ALB",5,"0","0","0","0","0","0","-","0"
1,"Jfa7J6",1,126,2015,203,"Uzbekistan","UZB","UZB",3,"Albania","ALB","ALB",5,"0","0","0","0","0","0","-","0"
1,"Jfa7J6",1,127,2016,8,"Egypt","ARE","EGY",3,"Albania","ALB","ALB",5,"0","0","0","0","0","0","-","0"
1,"Jfa7J6",1,128,2016,37,"China","CHI","CHN",3,"Albania","ALB","ALB",11,"0","0","0","0","0","0","-","0"
1,"Jfa7J6",1,129,2016,41,"Dem. Rep. of the Congo","COD","COD",3,"Albania","ALB","ALB",5,"0","0","0","0","0","0","-","0"
1,"Jfa7J6",1,130,2016,69,"Palestinian","GAZ","PSE",3,"Albania","ALB","ALB",5,"0","0","0","0","0","0","-","0"
1,"Jfa7J6",1,131,2016,91,"Iran (Islamic Rep. of)","IRN","IRN",3,"Albania","ALB","ALB",17,2745,"0","0","0","0","0","-","0"
1,"Jfa7J6",1,132,2016,92,"Iraq","IRQ","IRQ",3,"Albania","ALB","ALB",23,"0","0","0","0","0","0","-","0"
1,"Jfa7J6",1,133,2016,164,"Serbia and Kosovo: S/RES/1244 (1999)","SRB","SRB",3,"Albania","ALB","ALB",60,5,"0","0","0","0","0","-","0"
1,"Jfa7J6",1,134,2016,216,"Stateless","STA","XXA",3,"Albania","ALB","ALB","0","0","0","0","0",4921,"0","-","0"
1,"Jfa7J6",1,135,2016,185,"Syrian Arab Rep.","SYR","SYR",3,"Albania","ALB","ALB",5,"0","0","0","0","0","0","-","0"
1,"Jfa7J6",1,136,2016,196,"Türkiye","TUR","TUR",3,"Albania","ALB","ALB",5,"0","0","0","0","0","0","-","0"
1,"Jfa7J6",1,137,2016,203,"Uzbekistan","UZB","UZB",3,"Albania","ALB","ALB",5,"0","0","0","0","0","0","-","0"
1,"Jfa7J6",1,138,2017,8,"Egypt","ARE","EGY",3,"Albania","ALB","ALB",5,"0","0","0","0","0","0","-","0"
1,"Jfa7J6",1,139,2017,37,"China","CHI","CHN",3,"Albania","ALB","ALB",12,"0","0","0","0","0","0","-","0"
1,"Jfa7J6",1,140,2017,41,"Dem. Rep. of the Congo","COD","COD",3,"Albania","ALB","ALB",5,"0","0","0","0","0","0","-","0"
1,"Jfa7J6",1,141,2017,69,"Palestinian","GAZ","PSE",3,"Albania","ALB","ALB",5,"0","0","0","0","0","0","-","0"
1,"Jfa7J6",1,142,2017,91,"Iran (Islamic Rep. of)","IRN","IRN",3,"Albania","ALB","ALB",12,5,"0","0","0","0",2719,"-","0"
1,"Jfa7J6",1,143,2017,92,"Iraq","IRQ","IRQ",3,"Albania","ALB","ALB",5,"0","0","0","0","0","0","-","0"
1,"Jfa7J6",1,144,2017,164,"Serbia and Kosovo: S/RES/1244 (1999)","SRB","SRB",3,"Albania","ALB","ALB",60,5,"0","0","0","0","0","-","0"
1,"Jfa7J6",1,145,2017,216,"Stateless","STA","XXA",3,"Albania","ALB","ALB","0","0","0","0","0",4460,"0","-","0"
1,"Jfa7J6",1,146,2017,185,"Syrian Arab Rep.","SYR","SYR",3,"Albania","ALB","ALB",5,22,"0","0","0","0","0","-","0"
1,"Jfa7J6",1,147,2017,196,"Türkiye","TUR","TUR",3,"Albania","ALB","ALB",5,"0","0","0","0","0","0","-","0"
1,"Jfa7J6",1,148,2017,203,"Uzbekistan","UZB","UZB",3,"Albania","ALB","ALB",5,"0","0","0","0","0","0","-","0"
1,"Jfa7J6",1,149,2017,207,"Venezuela (Bolivarian Republic of)","VEN","VEN",3,"Albania","ALB","ALB",5,"0","0","0","0","0","0","-","0"
1,"Jfa7J6",1,150,2018,4,"Algeria","ALG","DZA",3,"Albania","ALB","ALB","0",16,"0","0","0","0","0","-","0"
1,"Jfa7J6",1,151,2018,8,"Egypt","ARE","EGY",3,"Albania","ALB","ALB",5,"0","0","0","0","0","0","-","0"
1,"Jfa7J6",1,152,2018,37,"China","CHI","CHN",3,"Albania","ALB","ALB",12,"0","0","0","0","0","0","-","0"
1,"Jfa7J6",1,153,2018,41,"Dem. Rep. of the Congo","COD","COD",3,"Albania","ALB","ALB",5,"0","0","0","0","0","0","-","0"
1,"Jfa7J6",1,154,2018,69,"Palestinian","GAZ","PSE",3,"Albania","ALB","ALB",14,8,"0","0","0","0","0","-","0"
1,"Jfa7J6",1,155,2018,91,"Iran (Islamic Rep. of)","IRN","IRN",3,"Albania","ALB","ALB",12,5,"0","0","0","0",76,"-","0"
1,"Jfa7J6",1,156,2018,92,"Iraq","IRQ","IRQ",3,"Albania","ALB","ALB",5,25,"0","0","0","0","0","-","0"
1,"Jfa7J6",1,157,2018,107,"Libya","LBY","LBY",3,"Albania","ALB","ALB","0",28,"0","0","0","0","0","-","0"
1,"Jfa7J6",1,158,2018,130,"Morocco","MOR","MAR",3,"Albania","ALB","ALB","0",28,"0","0","0","0","0","-","0"
1,"Jfa7J6",1,159,2018,164,"Serbia and Kosovo: S/RES/1244 (1999)","SRB","SRB",3,"Albania","ALB","ALB",58,5,"0","0","0","0","0","-","0"
1,"Jfa7J6",1,160,2018,216,"Stateless","STA","XXA",3,"Albania","ALB","ALB","0","0","0","0","0",4160,"0","-","0"
1,"Jfa7J6",1,161,2018,185,"Syrian Arab Rep.","SYR","SYR",3,"Albania","ALB","ALB",6,44,"0","0","0","0","0","-","0"
1,"Jfa7J6",1,162,2018,196,"Türkiye","TUR","TUR",3,"Albania","ALB","ALB",5,"0","0","0","0","0","0","-","0"
1,"Jfa7J6",1,163,2018,203,"Uzbekistan","UZB","UZB",3,"Albania","ALB","ALB",5,"0","0","0","0","0","0","-","0"
1,"Jfa7J6",1,164,2018,207,"Venezuela (Bolivarian Republic of)","VEN","VEN",3,"Albania","ALB","ALB",5,"0","0","0","0","0","0","-","0"
1,"Jfa7J6",1,165,2019,4,"Algeria","ALG","DZA",3,"Albania","ALB","ALB","0","0","0","0","0","0",11,"-","0"
1,"Jfa7J6",1,166,2019,8,"Egypt","ARE","EGY",3,"Albania","ALB","ALB",5,"0","0","0","0","0","0","-","0"
1,"Jfa7J6",1,167,2019,37,"China","CHI","CHN",3,"Albania","ALB","ALB",12,"0","0","0","0","0","0","-","0"
1,"Jfa7J6",1,168,2019,69,"Palestinian","GAZ","PSE",3,"Albania","ALB","ALB",7,5,"0","0","0","0",10,"-","0"
1,"Jfa7J6",1,169,2019,92,"Iraq","IRQ","IRQ",3,"Albania","ALB","ALB",8,"0","0","0","0","0",22,"-","0"
1,"Jfa7J6",1,170,2019,130,"Morocco","MOR","MAR",3,"Albania","ALB","ALB","0","0","0","0","0","0",73,"-","0"
1,"Jfa7J6",1,171,2019,164,"Serbia and Kosovo: S/RES/1244 (1999)","SRB","SRB",3,"Albania","ALB","ALB",65,"0","0","0","0","0","0","-","0"
1,"Jfa7J6",1,172,2019,216,"Stateless","STA","XXA",3,"Albania","ALB","ALB","0","0","0","0","0",3687,"0","-","0"
1,"Jfa7J6",1,173,2019,185,"Syrian Arab Rep.","SYR","SYR",3,"Albania","ALB","ALB",13,"0","0","0","0","0",29,"-","0"
1,"Jfa7J6",1,174,2019,196,"Türkiye","TUR","TUR",3,"Albania","ALB","ALB","0","0","0","0","0","0",8,"-","0"
1,"Jfa7J6",1,175,2019,203,"Uzbekistan","UZB","UZB",3,"Albania","ALB","ALB",5,"0","0","0","0","0","0","-","0"
1,"Jfa7J6",1,176,2019,207,"Venezuela (Bolivarian Republic of)","VEN","VEN",3,"Albania","ALB","ALB",5,"0","0","0","0","0","0","-","0"
1,"Jfa7J6",1,177,2020,2,"Afghanistan","AFG","AFG",3,"Albania","ALB","ALB","0","0","0","0","0","0",5,"-","0"
1,"Jfa7J6",1,178,2020,8,"Egypt","ARE","EGY",3,"Albania","ALB","ALB",5,"0","0","0","0","0","0","-","0"
1,"Jfa7J6",1,179,2020,37,"China","CHI","CHN",3,"Albania","ALB","ALB",14,"0","0","0","0","0","0","-","0"
1,"Jfa7J6",1,180,2020,69,"Palestinian","GAZ","PSE",3,"Albania","ALB","ALB",5,"0","0","0","0","0","0","-","0"
1,"Jfa7J6",1,181,2020,92,"Iraq","IRQ","IRQ",3,"Albania","ALB","ALB",5,"0","0","0","0","0","0","-","0"
1,"Jfa7J6",1,182,2020,164,"Serbia and Kosovo: S/RES/1244 (1999)","SRB","SRB",3,"Albania","ALB","ALB",57,"0","0","0","0","0","0","-","0"
1,"Jfa7J6",1,183,2020,216,"Stateless","STA","XXA",3,"Albania","ALB","ALB","0","0","0","0","0",1031,"0","-","0"
1,"Jfa7J6",1,184,2020,185,"Syrian Arab Rep.","SYR","SYR",3,"Albania","ALB","ALB",9,"0","0","0","0","0",5,"-","0"
1,"Jfa7J6",1,185,2020,203,"Uzbekistan","UZB","UZB",3,"Albania","ALB","ALB",5,"0","0","0","0","0","0","-","0"
1,"Jfa7J6",1,186,2020,207,"Venezuela (Bolivarian Republic of)","VEN","VEN",3,"Albania","ALB","ALB",5,"0","0","0","0","0","0","-","0"
1,"Jfa7J6",1,187,2021,2,"Afghanistan","AFG","AFG",3,"Albania","ALB","ALB",5,"0","0","0","0","0",8,"-","0"
1,"Jfa7J6",1,188,2021,8,"Egypt","ARE","EGY",3,"Albania","ALB","ALB","0","0","0","0","0","0",5,"-","0"
1,"Jfa7J6",1,189,2021,37,"China","CHI","CHN",3,"Albania","ALB","ALB",14,"0","0","0","0","0","0","-","0"
1,"Jfa7J6",1,190,2021,69,"Palestinian","GAZ","PSE",3,"Albania","ALB","ALB",8,"0","0","0","0","0","0","-","0"
1,"Jfa7J6",1,191,2021,164,"Serbia and Kosovo: S/RES/1244 (1999)","SRB","SRB",3,"Albania","ALB","ALB",57,"0","0","0","0","0","0","-","0"
1,"Jfa7J6",1,192,2021,216,"Stateless","STA","XXA",3,"Albania","ALB","ALB","0","0","0","0","0",1838,"0","-","0"
1,"Jfa7J6",1,193,2021,185,"Syrian Arab Rep.","SYR","SYR",3,"Albania","ALB","ALB",15,6,"0","0","0","0","0","-","0"
1,"Jfa7J6",1,194,2021,203,"Uzbekistan","UZB","UZB",3,"Albania","ALB","ALB",5,"0","0","0","0","0","0","-","0"
1,"Jfa7J6",1,195,2021,207,"Venezuela (Bolivarian Republic of)","VEN","VEN",3,"Albania","ALB","ALB",5,"0","0","0","0","0","0","-","0"
1,"Jfa7J6",1,196,2022,2,"Afghanistan","AFG","AFG",3,"Albania","ALB","ALB",14,"0","0","0","0","0",8,"-","0"
1,"Jfa7J6",1,197,2022,8,"Egypt","ARE","EGY",3,"Albania","ALB","ALB",8,"0","0","0","0","0","0","-","0"
1,"Jfa7J6",1,198,2022,37,"China","CHI","CHN",3,"Albania","ALB","ALB",14,"0","0","0","0","0","0","-","0"
1,"Jfa7J6",1,199,2022,69,"Palestinian","GAZ","PSE",3,"Albania","ALB","ALB",8,"0","0","0","0","0","0","-","0"
1,"Jfa7J6",1,200,2022,164,"Serbia and Kosovo: S/RES/1244 (1999)","SRB","SRB",3,"Albania","ALB","ALB",52,"0",5,"0","0","0","0","-","0"
1,"Jfa7J6",1,201,2022,216,"Stateless","STA","XXA",3,"Albania","ALB","ALB","0","0","0","0","0",1950,"0","-","0"
1,"Jfa7J6",1,202,2022,185,"Syrian Arab Rep.","SYR","SYR",3,"Albania","ALB","ALB",23,"0","0","0","0","0","0","-","0"
1,"Jfa7J6",1,203,2022,195,"Tunisia","TUN","TUN",3,"Albania","ALB","ALB",5,"0","0","0","0","0","0","-","0"
1,"Jfa7J6",1,204,2022,200,"Ukraine","UKR","UKR",3,"Albania","ALB","ALB",2542,5,"0","0","0","0","0","-","0"
1,"Jfa7J6",1,205,2022,203,"Uzbekistan","UZB","UZB",3,"Albania","ALB","ALB",5,"0","0","0","0","0","0","-","0"
1,"Jfa7J6",1,206,2022,207,"Venezuela (Bolivarian Republic of)","VEN","VEN",3,"Albania","ALB","ALB",5,"0","0","0","0","0","0","-","0"
1,"Jfa7J6",1,207,2023,2,"Afghanistan","AFG","AFG",3,"Albania","ALB","ALB",5,"0","0","0","0","0","0","-","0"
1,"Jfa7J6",1,208,2023,8,"Egypt","ARE","EGY",3,"Albania","ALB","ALB",8,"0","0","0","0","0","0","-","0"
1,"Jfa7J6",1,209,2023,37,"China","CHI","CHN",3,"Albania","ALB","ALB",14,"0","0","0","0","0","0","-","0"
1,"Jfa7J6",1,210,2023,69,"Palestinian","GAZ","PSE",3,"Albania","ALB","ALB",11,"0","0","0","0","0","0","-","0"
1,"Jfa7J6",1,211,2023,164,"Serbia and Kosovo: S/RES/1244 (1999)","SRB","SRB",3,"Albania","ALB","ALB",50,"0","0","0","0","0","0","-","0"
1,"Jfa7J6",1,212,2023,216,"Stateless","STA","XXA",3,"Albania","ALB","ALB","0","0","0","0","0",2018,"0","-","0"
1,"Jfa7J6",1,213,2023,185,"Syrian Arab Rep.","SYR","SYR",3,"Albania","ALB","ALB",21,8,"0","0","0","0",6,"-","0"
1,"Jfa7J6",1,214,2023,200,"Ukraine","UKR","UKR",3,"Albania","ALB","ALB",4959,"0","0","0","0","0","0","-","0"
1,"Jfa7J6",1,215,2023,203,"Uzbekistan","UZB","UZB",3,"Albania","ALB","ALB",6,"0","0","0","0","0","0","-","0"
1,"Jfa7J6",1,216,2023,207,"Venezuela (Bolivarian Republic of)","VEN","VEN",3,"Albania","ALB","ALB",5,"0","0","0","0","0","0","-","0"
1,"Jfa7J6",1,217,2024,2,"Afghanistan","AFG","AFG",3,"Albania","ALB","ALB",5,"0","0","0","0","0",53,"-","0"
1,"Jfa7J6",1,218,2024,8,"Egypt","ARE","EGY",3,"Albania","ALB","ALB",8,"0","0","0","0","0","0","-","0"
1,"Jfa7J6",1,219,2024,37,"China","CHI","CHN",3,"Albania","ALB","ALB",14,"0","0","0","0","0","0","-","0"
1,"Jfa7J6",1,220,2024,69,"Palestinian","GAZ","PSE",3,"Albania","ALB","ALB",12,"0","0","0","0","0",17,"-","0"
1,"Jfa7J6",1,221,2024,91,"Iran (Islamic Rep. of)","IRN","IRN",3,"Albania","ALB","ALB","0","0","0","0","0","0",36,"-","0"
1,"Jfa7J6",1,222,2024,92,"Iraq","IRQ","IRQ",3,"Albania","ALB","ALB","0","0","0","0","0","0",25,"-","0"
1,"Jfa7J6",1,223,2024,172,"Somalia","SOM","SOM",3,"Albania","ALB","ALB","0","0","0","0","0","0",32,"-","0"
1,"Jfa7J6",1,224,2024,164,"Serbia and Kosovo: S/RES/1244 (1999)","SRB","SRB",3,"Albania","ALB","ALB",46,"0","0","0","0","0","0","-","0"
1,"Jfa7J6",1,225,2024,216,"Stateless","STA","XXA",3,"Albania","ALB","ALB","0","0","0","0","0",2098,"0","-","0"
1,"Jfa7J6",1,226,2024,177,"Sudan","SUD","SDN",3,"Albania","ALB","ALB","0","0","0","0","0","0",7,"-","0"
1,"Jfa7J6",1,227,2024,185,"Syrian Arab Rep.","SYR","SYR",3,"Albania","ALB","ALB",31,"0","0","0","0","0",150,"-","0"
1,"Jfa7J6",1,228,2024,196,"Türkiye","TUR","TUR",3,"Albania","ALB","ALB","0","0","0","0","0","0",14,"-","0"
1,"Jfa7J6",1,229,2024,200,"Ukraine","UKR","UKR",3,"Albania","ALB","ALB",6465,"0","0","0","0","0","0","-","0"
1,"Jfa7J6",1,230,2024,203,"Uzbekistan","UZB","UZB",3,"Albania","ALB","ALB",6,"0","0","0","0","0","0","-","0"
1,"Jfa7J6",1,231,2024,207,"Venezuela (Bolivarian Republic of)","VEN","VEN",3,"Albania","ALB","ALB",5,"0","0","0","0","0","0","-","0"
