"page","short-url","maxPages","items","year","coo_id","coo_name","coo","coo_iso","coa_id","coa_name","coa","coa_iso","refugees","asylum_seekers","returned_refugees","idps","returned_idps","stateless","ooc","oip","hst"
1,"3LmS1a",1,1,1960,6,"Angola","ANG","AGO",41,"Dem. Rep. of the Congo","COD","COD",150000,"0","0","0","0","0","0","-","0"
1,"3LmS1a",1,2,1961,6,"Angola","ANG","AGO",41,"Dem. Rep. of the Congo","COD","COD",150000,"0","0","0","0","0","0","-","0"
1,"3LmS1a",1,3,1961,161,"Rwanda","RWA","RWA",41,"Dem. Rep. of the Congo","COD","COD",53000,"0","0","0","0","0","0","-","0"
1,"3LmS1a",1,4,1962,6,"Angola","ANG","AGO",41,"Dem. Rep. of the Congo","COD","COD",170000,"0","0","0","0","0","0","-","0"
1,"3LmS1a",1,5,1962,161,"Rwanda","RWA","RWA",41,"Dem. Rep. of the Congo","COD","COD",53000,"0","0","0","0","0","0","-","0"
1,"3LmS1a",1,6,1963,6,"Angola","ANG","AGO",41,"Dem. Rep. of the Congo","COD","COD",175000,"0","0","0","0","0","0","-","0"
1,"3LmS1a",1,7,1963,161,"Rwanda","RWA","RWA",41,"Dem. Rep. of the Congo","COD","COD",54000,"0","0","0","0","0","0","-","0"
1,"3LmS1a",1,8,1963,177,"Sudan","SUD","SDN",41,"Dem. Rep. of the Congo","COD","COD",8000,"0","0","0","0","0","0","-","0"
1,"3LmS1a",1,9,1964,6,"Angola","ANG","AGO",41,"Dem. Rep. of the Congo","COD","COD",200000,"0","0","0","0","0","0","-","0"
1,"3LmS1a",1,10,1964,161,"Rwanda","RWA","RWA",41,"Dem. Rep. of the Congo","COD","COD",28000,"0","0","0","0","0","0","-","0"
1,"3LmS1a",1,11,1964,177,"Sudan","SUD","SDN",41,"Dem. Rep. of the Congo","COD","COD",8000,"0","0","0","0","0","0","-","0"
1,"3LmS1a",1,12,1965,6,"Angola","ANG","AGO",41,"Dem. Rep. of the Congo","COD","COD",220000,"0","0","0","0","0","0","-","0"
1,"3LmS1a",1,13,1965,161,"Rwanda","RWA","RWA",41,"Dem. Rep. of the Congo","COD","COD",25000,"0",1300,"0","0","0","0","-","0"
1,"3LmS1a",1,14,1965,177,"Sudan","SUD","SDN",41,"Dem. Rep. of the Congo","COD","COD",20000,"0","0","0","0","0","0","-","0"
1,"3LmS1a",1,15,1966,6,"Angola","ANG","AGO",41,"Dem. Rep. of the Congo","COD","COD",300000,"0","0","0","0","0","0","-","0"
1,"3LmS1a",1,16,1966,161,"Rwanda","RWA","RWA",41,"Dem. Rep. of the Congo","COD","COD",24100,"0","0","0","0","0","0","-","0"
1,"3LmS1a",1,17,1966,177,"Sudan","SUD","SDN",41,"Dem. Rep. of the Congo","COD","COD",33000,"0","0","0","0","0","0","-","0"
1,"3LmS1a",1,18,1967,6,"Angola","ANG","AGO",41,"Dem. Rep. of the Congo","COD","COD",350000,"0","0","0","0","0","0","-","0"
1,"3LmS1a",1,19,1967,161,"Rwanda","RWA","RWA",41,"Dem. Rep. of the Congo","COD","COD",24100,"0","0","0","0","0","0","-","0"
1,"3LmS1a",1,20,1967,177,"Sudan","SUD","SDN",41,"Dem. Rep. of the Congo","COD","COD",40000,"0","0","0","0","0","0","-","0"
1,"3LmS1a",1,21,1967,262,"Unknown ","UKN","UNK",41,"Dem. Rep. of the Congo","COD","COD",20000,"0","0","0","0","0","0","-","0"
1,"3LmS1a",1,22,1968,6,"Angola","ANG","AGO",41,"Dem. Rep. of the Congo","COD","COD",370000,"0","0","0","0","0","0","-","0"
1,"3LmS1a",1,23,1968,161,"Rwanda","RWA","RWA",41,"Dem. Rep. of the Congo","COD","COD",24100,"0","0","0","0","0","0","-","0"
1,"3LmS1a",1,24,1968,177,"Sudan","SUD","SDN",41,"Dem. Rep. of the Congo","COD","COD",66000,"0","0","0","0","0","0","-","0"
1,"3LmS1a",1,25,1968,262,"Unknown ","UKN","UNK",41,"Dem. Rep. of the Congo","COD","COD",300,"0","0","0","0","0","0","-","0"
1,"3LmS1a",1,26,1968,213,"Zambia","ZAM","ZMB",41,"Dem. Rep. of the Congo","COD","COD",15000,"0","0","0","0","0","0","-","0"
1,"3LmS1a",1,27,1969,6,"Angola","ANG","AGO",41,"Dem. Rep. of the Congo","COD","COD",400000,"0","0","0","0","0","0","-","0"
1,"3LmS1a",1,28,1969,161,"Rwanda","RWA","RWA",41,"Dem. Rep. of the Congo","COD","COD",24000,"0",250,"0","0","0","0","-","0"
1,"3LmS1a",1,29,1969,177,"Sudan","SUD","SDN",41,"Dem. Rep. of the Congo","COD","COD",59000,"0","0","0","0","0","0","-","0"
1,"3LmS1a",1,30,1969,262,"Unknown ","UKN","UNK",41,"Dem. Rep. of the Congo","COD","COD",300,"0","0","0","0","0","0","-","0"
1,"3LmS1a",1,31,1969,213,"Zambia","ZAM","ZMB",41,"Dem. Rep. of the Congo","COD","COD",13000,"0","0","0","0","0","0","-","0"
1,"3LmS1a",1,32,1970,6,"Angola","ANG","AGO",41,"Dem. Rep. of the Congo","COD","COD",400000,"0","0","0","0","0","0","-","0"
1,"3LmS1a",1,33,1970,161,"Rwanda","RWA","RWA",41,"Dem. Rep. of the Congo","COD","COD",24000,"0","0","0","0","0","0","-","0"
1,"3LmS1a",1,34,1970,177,"Sudan","SUD","SDN",41,"Dem. Rep. of the Congo","COD","COD",55000,"0","0","0","0","0","0","-","0"
1,"3LmS1a",1,35,1970,262,"Unknown ","UKN","UNK",41,"Dem. Rep. of the Congo","COD","COD",1000,"0","0","0","0","0","0","-","0"
1,"3LmS1a",1,36,1970,213,"Zambia","ZAM","ZMB",41,"Dem. Rep. of the Congo","COD","COD",9000,"0",4000,"0","0","0","0","-","0"
1,"3LmS1a",1,37,1971,6,"Angola","ANG","AGO",41,"Dem. Rep. of the Congo","COD","COD",400000,"0","0","0","0","0","0","-","0"
1,"3LmS1a",1,38,1971,161,"Rwanda","RWA","RWA",41,"Dem. Rep. of the Congo","COD","COD",23500,"0","0","0","0","0","0","-","0"
1,"3LmS1a",1,39,1971,177,"Sudan","SUD","SDN",41,"Dem. Rep. of the Congo","COD","COD",50000,"0","0","0","0","0","0","-","0"
1,"3LmS1a",1,40,1971,213,"Zambia","ZAM","ZMB",41,"Dem. Rep. of the Congo","COD","COD",750,"0",10000,"0","0","0","0","-","0"
1,"3LmS1a",1,41,1972,6,"Angola","ANG","AGO",41,"Dem. Rep. of the Congo","COD","COD",400000,"0","0","0","0","0","0","-","0"
1,"3LmS1a",1,42,1972,16,"Burundi","BDI","BDI",41,"Dem. Rep. of the Congo","COD","COD",35000,"0","0","0","0","0","0","-","0"
1,"3LmS1a",1,43,1972,161,"Rwanda","RWA","RWA",41,"Dem. Rep. of the Congo","COD","COD",23500,"0","0","0","0","0","0","-","0"
1,"3LmS1a",1,44,1972,177,"Sudan","SUD","SDN",41,"Dem. Rep. of the Congo","COD","COD",36000,"0",15000,"0","0","0","0","-","0"
1,"3LmS1a",1,45,1972,213,"Zambia","ZAM","ZMB",41,"Dem. Rep. of the Congo","COD","COD",750,"0","0","0","0","0","0","-","0"
1,"3LmS1a",1,46,1973,6,"Angola","ANG","AGO",41,"Dem. Rep. of the Congo","COD","COD",400000,"0","0","0","0","0","0","-","0"
1,"3LmS1a",1,47,1973,16,"Burundi","BDI","BDI",41,"Dem. Rep. of the Congo","COD","COD",35000,"0","0","0","0","0","0","-","0"
1,"3LmS1a",1,48,1973,161,"Rwanda","RWA","RWA",41,"Dem. Rep. of the Congo","COD","COD",24300,"0","0","0","0","0","0","-","0"
1,"3LmS1a",1,49,1973,177,"Sudan","SUD","SDN",41,"Dem. Rep. of the Congo","COD","COD","0","0",36010,"0","0","0","0","-","0"
1,"3LmS1a",1,50,1973,213,"Zambia","ZAM","ZMB",41,"Dem. Rep. of the Congo","COD","COD",750,"0","0","0","0","0","0","-","0"
1,"3LmS1a",1,51,1974,6,"Angola","ANG","AGO",41,"Dem. Rep. of the Congo","COD","COD",450000,"0","0","0","0","0","0","-","0"
1,"3LmS1a",1,52,1974,16,"Burundi","BDI","BDI",41,"Dem. Rep. of the Congo","COD","COD",24000,"0","0","0","0","0","0","-","0"
1,"3LmS1a",1,53,1974,161,"Rwanda","RWA","RWA",41,"Dem. Rep. of the Congo","COD","COD",24300,"0","0","0","0","0","0","-","0"
1,"3LmS1a",1,54,1974,262,"Unknown ","UKN","UNK",41,"Dem. Rep. of the Congo","COD","COD",950,"0","0","0","0","0","0","-","0"
1,"3LmS1a",1,55,1974,213,"Zambia","ZAM","ZMB",41,"Dem. Rep. of the Congo","COD","COD",4000,"0","0","0","0","0","0","-","0"
1,"3LmS1a",1,56,1975,6,"Angola","ANG","AGO",41,"Dem. Rep. of the Congo","COD","COD",460000,"0","0","0","0","0","0","-","0"
1,"3LmS1a",1,57,1975,16,"Burundi","BDI","BDI",41,"Dem. Rep. of the Congo","COD","COD",24000,"0","0","0","0","0","0","-","0"
1,"3LmS1a",1,58,1975,161,"Rwanda","RWA","RWA",41,"Dem. Rep. of the Congo","COD","COD",24300,"0","0","0","0","0","0","-","0"
1,"3LmS1a",1,59,1975,262,"Unknown ","UKN","UNK",41,"Dem. Rep. of the Congo","COD","COD",950,"0","0","0","0","0","0","-","0"
1,"3LmS1a",1,60,1975,213,"Zambia","ZAM","ZMB",41,"Dem. Rep. of the Congo","COD","COD",750,"0","0","0","0","0","0","-","0"
1,"3LmS1a",1,61,1976,6,"Angola","ANG","AGO",41,"Dem. Rep. of the Congo","COD","COD",471340,"0","0","0","0","0","0","-","0"
1,"3LmS1a",1,62,1976,16,"Burundi","BDI","BDI",41,"Dem. Rep. of the Congo","COD","COD",18220,"0","0","0","0","0","0","-","0"
1,"3LmS1a",1,63,1976,161,"Rwanda","RWA","RWA",41,"Dem. Rep. of the Congo","COD","COD",24500,"0","0","0","0","0","0","-","0"
1,"3LmS1a",1,64,1976,262,"Unknown ","UKN","UNK",41,"Dem. Rep. of the Congo","COD","COD",190,"0","0","0","0","0","0","-","0"
1,"3LmS1a",1,65,1976,213,"Zambia","ZAM","ZMB",41,"Dem. Rep. of the Congo","COD","COD",750,"0","0","0","0","0","0","-","0"
1,"3LmS1a",1,66,1977,6,"Angola","ANG","AGO",41,"Dem. Rep. of the Congo","COD","COD",500000,"0","0","0","0","0","0","-","0"
1,"3LmS1a",1,67,1977,16,"Burundi","BDI","BDI",41,"Dem. Rep. of the Congo","COD","COD",11300,"0","0","0","0","0","0","-","0"
1,"3LmS1a",1,68,1977,161,"Rwanda","RWA","RWA",41,"Dem. Rep. of the Congo","COD","COD",18000,"0","0","0","0","0","0","-","0"
1,"3LmS1a",1,69,1977,262,"Unknown ","UKN","UNK",41,"Dem. Rep. of the Congo","COD","COD",1000,"0","0","0","0","0","0","-","0"
1,"3LmS1a",1,70,1978,6,"Angola","ANG","AGO",41,"Dem. Rep. of the Congo","COD","COD",620000,"0",30000,"0","0","0","0","-","0"
1,"3LmS1a",1,71,1978,16,"Burundi","BDI","BDI",41,"Dem. Rep. of the Congo","COD","COD",11000,"0",330,"0","0","0","0","-","0"
1,"3LmS1a",1,72,1978,161,"Rwanda","RWA","RWA",41,"Dem. Rep. of the Congo","COD","COD",22000,"0","0","0","0","0","0","-","0"
1,"3LmS1a",1,73,1978,199,"Uganda","UGA","UGA",41,"Dem. Rep. of the Congo","COD","COD","0","0",30000,"0","0","0","0","-","0"
1,"3LmS1a",1,74,1979,6,"Angola","ANG","AGO",41,"Dem. Rep. of the Congo","COD","COD",626700,"0",50000,"0","0","0","0","-","0"
1,"3LmS1a",1,75,1979,16,"Burundi","BDI","BDI",41,"Dem. Rep. of the Congo","COD","COD",11000,"0","0","0","0","0","0","-","0"
1,"3LmS1a",1,76,1979,161,"Rwanda","RWA","RWA",41,"Dem. Rep. of the Congo","COD","COD",22000,"0","0","0","0","0","0","-","0"
1,"3LmS1a",1,77,1979,199,"Uganda","UGA","UGA",41,"Dem. Rep. of the Congo","COD","COD",49780,"0",20000,"0","0","0","0","-","0"
1,"3LmS1a",1,78,1979,213,"Zambia","ZAM","ZMB",41,"Dem. Rep. of the Congo","COD","COD",1000,"0","0","0","0","0","0","-","0"
1,"3LmS1a",1,79,1980,6,"Angola","ANG","AGO",41,"Dem. Rep. of the Congo","COD","COD",426700,"0",200000,"0","0","0","0","-","0"
1,"3LmS1a",1,80,1980,16,"Burundi","BDI","BDI",41,"Dem. Rep. of the Congo","COD","COD",11000,"0","0","0","0","0","0","-","0"
1,"3LmS1a",1,81,1980,161,"Rwanda","RWA","RWA",41,"Dem. Rep. of the Congo","COD","COD",22000,"0","0","0","0","0","0","-","0"
1,"3LmS1a",1,82,1980,199,"Uganda","UGA","UGA",41,"Dem. Rep. of the Congo","COD","COD",150000,"0",30000,"0","0","0","0","-","0"
1,"3LmS1a",1,83,1980,262,"Unknown ","UKN","UNK",41,"Dem. Rep. of the Congo","COD","COD",200,"0","0","0","0","0","0","-","0"
1,"3LmS1a",1,84,1980,213,"Zambia","ZAM","ZMB",41,"Dem. Rep. of the Congo","COD","COD",1210,"0","0","0","0","0","0","-","0"
1,"3LmS1a",1,85,1981,6,"Angola","ANG","AGO",41,"Dem. Rep. of the Congo","COD","COD",427000,"0","0","0","0","0","0","-","0"
1,"3LmS1a",1,86,1981,16,"Burundi","BDI","BDI",41,"Dem. Rep. of the Congo","COD","COD",11300,"0","0","0","0","0","0","-","0"
1,"3LmS1a",1,87,1981,161,"Rwanda","RWA","RWA",41,"Dem. Rep. of the Congo","COD","COD",12040,"0","0","0","0","0","0","-","0"
1,"3LmS1a",1,88,1981,199,"Uganda","UGA","UGA",41,"Dem. Rep. of the Congo","COD","COD",125000,"0",40000,"0","0","0","0","-","0"
1,"3LmS1a",1,89,1981,262,"Unknown ","UKN","UNK",41,"Dem. Rep. of the Congo","COD","COD",200,"0","0","0","0","0","0","-","0"
1,"3LmS1a",1,90,1981,213,"Zambia","ZAM","ZMB",41,"Dem. Rep. of the Congo","COD","COD",1200,"0","0","0","0","0","0","-","0"
1,"3LmS1a",1,91,1982,6,"Angola","ANG","AGO",41,"Dem. Rep. of the Congo","COD","COD",393800,"0",13200,"0","0","0","0","-","0"
1,"3LmS1a",1,92,1982,16,"Burundi","BDI","BDI",41,"Dem. Rep. of the Congo","COD","COD",10000,"0","0","0","0","0","0","-","0"
1,"3LmS1a",1,93,1982,161,"Rwanda","RWA","RWA",41,"Dem. Rep. of the Congo","COD","COD",12000,"0","0","0","0","0","0","-","0"
1,"3LmS1a",1,94,1982,199,"Uganda","UGA","UGA",41,"Dem. Rep. of the Congo","COD","COD",60000,"0",110000,"0","0","0","0","-","0"
1,"3LmS1a",1,95,1982,262,"Unknown ","UKN","UNK",41,"Dem. Rep. of the Congo","COD","COD",20600,"0","0","0","0","0","0","-","0"
1,"3LmS1a",1,96,1982,213,"Zambia","ZAM","ZMB",41,"Dem. Rep. of the Congo","COD","COD",1200,"0",600,"0","0","0","0","-","0"
1,"3LmS1a",1,97,1983,6,"Angola","ANG","AGO",41,"Dem. Rep. of the Congo","COD","COD",215000,"0","0","0","0","0","0","-","0"
1,"3LmS1a",1,98,1983,16,"Burundi","BDI","BDI",41,"Dem. Rep. of the Congo","COD","COD",10000,"0","0","0","0","0","0","-","0"
1,"3LmS1a",1,99,1983,161,"Rwanda","RWA","RWA",41,"Dem. Rep. of the Congo","COD","COD",12000,"0","0","0","0","0","0","-","0"
1,"3LmS1a",1,100,1983,199,"Uganda","UGA","UGA",41,"Dem. Rep. of the Congo","COD","COD",65000,"0",3110,"0","0","0","0","-","0"
1,"3LmS1a",1,101,1983,262,"Unknown ","UKN","UNK",41,"Dem. Rep. of the Congo","COD","COD",300,"0","0","0","0","0","0","-","0"
1,"3LmS1a",1,102,1983,213,"Zambia","ZAM","ZMB",41,"Dem. Rep. of the Congo","COD","COD",1200,"0","0","0","0","0","0","-","0"
1,"3LmS1a",1,103,1984,6,"Angola","ANG","AGO",41,"Dem. Rep. of the Congo","COD","COD",282660,"0",1340,"0","0","0","0","-","0"
1,"3LmS1a",1,104,1984,16,"Burundi","BDI","BDI",41,"Dem. Rep. of the Congo","COD","COD",10150,"0","0","0","0","0","0","-","0"
1,"3LmS1a",1,105,1984,36,"Chad","CHD","TCD",41,"Dem. Rep. of the Congo","COD","COD",90,"0","0","0","0","0","0","-","0"
1,"3LmS1a",1,106,1984,161,"Rwanda","RWA","RWA",41,"Dem. Rep. of the Congo","COD","COD",12120,"0","0","0","0","0","0","-","0"
1,"3LmS1a",1,107,1984,199,"Uganda","UGA","UGA",41,"Dem. Rep. of the Congo","COD","COD",30810,"0",14790,"0","0","0","0","-","0"
1,"3LmS1a",1,108,1984,262,"Unknown ","UKN","UNK",41,"Dem. Rep. of the Congo","COD","COD",1500,"0",60,"0","0","0","0","-","0"
1,"3LmS1a",1,109,1985,6,"Angola","ANG","AGO",41,"Dem. Rep. of the Congo","COD","COD",240500,"0",100,"0","0","0","0","-","0"
1,"3LmS1a",1,110,1985,16,"Burundi","BDI","BDI",41,"Dem. Rep. of the Congo","COD","COD",10000,"0","0","0","0","0","0","-","0"
1,"3LmS1a",1,111,1985,161,"Rwanda","RWA","RWA",41,"Dem. Rep. of the Congo","COD","COD",11000,"0","0","0","0","0","0","-","0"
1,"3LmS1a",1,112,1985,199,"Uganda","UGA","UGA",41,"Dem. Rep. of the Congo","COD","COD",17000,"0",20040,"0","0","0","0","-","0"
1,"3LmS1a",1,113,1985,262,"Unknown ","UKN","UNK",41,"Dem. Rep. of the Congo","COD","COD",4500,"0",39000,"0","0","0","0","-","0"
1,"3LmS1a",1,114,1986,6,"Angola","ANG","AGO",41,"Dem. Rep. of the Congo","COD","COD",261000,"0","0","0","0","0","0","-","0"
1,"3LmS1a",1,115,1986,16,"Burundi","BDI","BDI",41,"Dem. Rep. of the Congo","COD","COD",10000,"0","0","0","0","0","0","-","0"
1,"3LmS1a",1,116,1986,161,"Rwanda","RWA","RWA",41,"Dem. Rep. of the Congo","COD","COD",11000,"0","0","0","0","0","0","-","0"
1,"3LmS1a",1,117,1986,199,"Uganda","UGA","UGA",41,"Dem. Rep. of the Congo","COD","COD",14230,"0",2770,"0","0","0","0","-","0"
1,"3LmS1a",1,118,1986,262,"Unknown ","UKN","UNK",41,"Dem. Rep. of the Congo","COD","COD",5000,"0","0","0","0","0","0","-","0"
1,"3LmS1a",1,119,1987,6,"Angola","ANG","AGO",41,"Dem. Rep. of the Congo","COD","COD",298700,"0",420,"0","0","0","0","-","0"
1,"3LmS1a",1,120,1987,16,"Burundi","BDI","BDI",41,"Dem. Rep. of the Congo","COD","COD",13000,"0","0","0","0","0","0","-","0"
1,"3LmS1a",1,121,1987,161,"Rwanda","RWA","RWA",41,"Dem. Rep. of the Congo","COD","COD",3000,"0","0","0","0","0","0","-","0"
1,"3LmS1a",1,122,1987,199,"Uganda","UGA","UGA",41,"Dem. Rep. of the Congo","COD","COD",4000,"0",15630,"0","0","0","0","-","0"
1,"3LmS1a",1,123,1987,262,"Unknown ","UKN","UNK",41,"Dem. Rep. of the Congo","COD","COD",1300,"0","0","0","0","0","0","-","0"
1,"3LmS1a",1,124,1988,6,"Angola","ANG","AGO",41,"Dem. Rep. of the Congo","COD","COD",310085,"0",610,"0","0","0","0","-","0"
1,"3LmS1a",1,125,1988,16,"Burundi","BDI","BDI",41,"Dem. Rep. of the Congo","COD","COD",13299,"0","0","0","0","0","0","-","0"
1,"3LmS1a",1,126,1988,161,"Rwanda","RWA","RWA",41,"Dem. Rep. of the Congo","COD","COD",12000,"0","0","0","0","0","0","-","0"
1,"3LmS1a",1,127,1988,199,"Uganda","UGA","UGA",41,"Dem. Rep. of the Congo","COD","COD",3998,"0",1200,"0","0","0","0","-","0"
1,"3LmS1a",1,128,1988,262,"Unknown ","UKN","UNK",41,"Dem. Rep. of the Congo","COD","COD",1293,"0","0","0","0","0","0","-","0"
1,"3LmS1a",1,129,1989,6,"Angola","ANG","AGO",41,"Dem. Rep. of the Congo","COD","COD",310092,"0",5880,"0","0","0","0","-","0"
1,"3LmS1a",1,130,1989,16,"Burundi","BDI","BDI",41,"Dem. Rep. of the Congo","COD","COD",13298,"0","0","0","0","0","0","-","0"
1,"3LmS1a",1,131,1989,161,"Rwanda","RWA","RWA",41,"Dem. Rep. of the Congo","COD","COD",11996,"0","0","0","0","0","0","-","0"
1,"3LmS1a",1,132,1989,199,"Uganda","UGA","UGA",41,"Dem. Rep. of the Congo","COD","COD",4000,"0","0","0","0","0","0","-","0"
1,"3LmS1a",1,133,1989,262,"Unknown ","UKN","UNK",41,"Dem. Rep. of the Congo","COD","COD",1303,"0","0","0","0","0","0","-","0"
1,"3LmS1a",1,134,1990,6,"Angola","ANG","AGO",41,"Dem. Rep. of the Congo","COD","COD",308242,"0",7000,"0","0","0","0","-","0"
1,"3LmS1a",1,135,1990,16,"Burundi","BDI","BDI",41,"Dem. Rep. of the Congo","COD","COD",13293,"0","0","0","0","0","0","-","0"
1,"3LmS1a",1,136,1990,161,"Rwanda","RWA","RWA",41,"Dem. Rep. of the Congo","COD","COD",12596,"0","0","0","0","0","0","-","0"
1,"3LmS1a",1,137,1990,177,"Sudan","SUD","SDN",41,"Dem. Rep. of the Congo","COD","COD",70900,"0","0","0","0","0","0","-","0"
1,"3LmS1a",1,138,1990,199,"Uganda","UGA","UGA",41,"Dem. Rep. of the Congo","COD","COD",10099,"0","0","0","0","0","0","-","0"
1,"3LmS1a",1,139,1990,262,"Unknown ","UKN","UNK",41,"Dem. Rep. of the Congo","COD","COD",1305,"0","0","0","0","0","0","-","0"
1,"3LmS1a",1,140,1991,6,"Angola","ANG","AGO",41,"Dem. Rep. of the Congo","COD","COD",278580,"0",35210,"0","0","0","0","-","0"
1,"3LmS1a",1,141,1991,16,"Burundi","BDI","BDI",41,"Dem. Rep. of the Congo","COD","COD",41243,"0","0","0","0","0","0","-","0"
1,"3LmS1a",1,142,1991,161,"Rwanda","RWA","RWA",41,"Dem. Rep. of the Congo","COD","COD",50930,"0","0","0","0","0","0","-","0"
1,"3LmS1a",1,143,1991,177,"Sudan","SUD","SDN",41,"Dem. Rep. of the Congo","COD","COD",90780,"0","0","0","0","0","0","-","0"
1,"3LmS1a",1,144,1991,199,"Uganda","UGA","UGA",41,"Dem. Rep. of the Congo","COD","COD",20111,"0","0","0","0","0","0","-","0"
1,"3LmS1a",1,145,1991,262,"Unknown ","UKN","UNK",41,"Dem. Rep. of the Congo","COD","COD",1315,"0","0","0","0","0","0","-","0"
1,"3LmS1a",1,146,1992,6,"Angola","ANG","AGO",41,"Dem. Rep. of the Congo","COD","COD",197954,"0",83070,"0","0","0","0","-","0"
1,"3LmS1a",1,147,1992,16,"Burundi","BDI","BDI",41,"Dem. Rep. of the Congo","COD","COD",9476,"0",31770,"0","0","0","0","-","0"
1,"3LmS1a",1,148,1992,161,"Rwanda","RWA","RWA",41,"Dem. Rep. of the Congo","COD","COD",50929,"0","0","0","0","0","0","-","0"
1,"3LmS1a",1,149,1992,177,"Sudan","SUD","SDN",41,"Dem. Rep. of the Congo","COD","COD",109373,"0","0","0","0","0","0","-","0"
1,"3LmS1a",1,150,1992,199,"Uganda","UGA","UGA",41,"Dem. Rep. of the Congo","COD","COD",21085,"0","0","0","0","0","0","-","0"
1,"3LmS1a",1,151,1992,262,"Unknown ","UKN","UNK",41,"Dem. Rep. of the Congo","COD","COD",320,"0","0","0","0","0","0","-","0"
1,"3LmS1a",1,152,1992,213,"Zambia","ZAM","ZMB",41,"Dem. Rep. of the Congo","COD","COD",1990,"0","0","0","0","0","0","-","0"
1,"3LmS1a",1,153,1993,6,"Angola","ANG","AGO",41,"Dem. Rep. of the Congo","COD","COD",207286,"0",1003,"0","0","0","0","-","0"
1,"3LmS1a",1,154,1993,16,"Burundi","BDI","BDI",41,"Dem. Rep. of the Congo","COD","COD",176351,"0",1705,"0","0","0","0","-","0"
1,"3LmS1a",1,155,1993,161,"Rwanda","RWA","RWA",41,"Dem. Rep. of the Congo","COD","COD",53490,"0",150,"0","0","0","0","-","0"
1,"3LmS1a",1,156,1993,177,"Sudan","SUD","SDN",41,"Dem. Rep. of the Congo","COD","COD",111219,"0",7276,"0","0","0","0","-","0"
1,"3LmS1a",1,157,1993,199,"Uganda","UGA","UGA",41,"Dem. Rep. of the Congo","COD","COD",21754,"0","0","0","0","0","0","-","0"
1,"3LmS1a",1,158,1993,262,"Unknown ","UKN","UNK",41,"Dem. Rep. of the Congo","COD","COD",397,"0",11,"0","0","0","0","-","0"
1,"3LmS1a",1,159,1993,213,"Zambia","ZAM","ZMB",41,"Dem. Rep. of the Congo","COD","COD",1573,"0",464,"0","0","0","0","-","0"
1,"3LmS1a",1,160,1994,6,"Angola","ANG","AGO",41,"Dem. Rep. of the Congo","COD","COD",160948,"0",8,"0","0","0","0","-","0"
1,"3LmS1a",1,161,1994,16,"Burundi","BDI","BDI",41,"Dem. Rep. of the Congo","COD","COD",180098,"0","0","0","0","0","0","-","0"
1,"3LmS1a",1,162,1994,106,"Liberia","LBR","LBR",41,"Dem. Rep. of the Congo","COD","COD","0","0",5,"0","0","0","0","-","0"
1,"3LmS1a",1,163,1994,161,"Rwanda","RWA","RWA",41,"Dem. Rep. of the Congo","COD","COD",1252837,"0",450000,"0","0","0","0","-","0"
1,"3LmS1a",1,164,1994,177,"Sudan","SUD","SDN",41,"Dem. Rep. of the Congo","COD","COD",111872,"0","0","0","0","0","0","-","0"
1,"3LmS1a",1,165,1994,199,"Uganda","UGA","UGA",41,"Dem. Rep. of the Congo","COD","COD",18560,"0",3430,"0","0","0","0","-","0"
1,"3LmS1a",1,166,1994,262,"Unknown ","UKN","UNK",41,"Dem. Rep. of the Congo","COD","COD",50,"0","0","0","0","0","0","-","0"
1,"3LmS1a",1,167,1994,213,"Zambia","ZAM","ZMB",41,"Dem. Rep. of the Congo","COD","COD","0","0",1573,"0","0","0","0","-","0"
1,"3LmS1a",1,168,1995,6,"Angola","ANG","AGO",41,"Dem. Rep. of the Congo","COD","COD",108338,"0",9734,"0","0","0","0","-","0"
1,"3LmS1a",1,169,1995,16,"Burundi","BDI","BDI",41,"Dem. Rep. of the Congo","COD","COD",117902,"0",3301,"0","0","0","0","-","0"
1,"3LmS1a",1,170,1995,161,"Rwanda","RWA","RWA",41,"Dem. Rep. of the Congo","COD","COD",1100642,"0",85988,"0","0","0","0","-","0"
1,"3LmS1a",1,171,1995,177,"Sudan","SUD","SDN",41,"Dem. Rep. of the Congo","COD","COD",94192,"0","0","0","0","0","0","-","0"
1,"3LmS1a",1,172,1995,199,"Uganda","UGA","UGA",41,"Dem. Rep. of the Congo","COD","COD",12611,"0",3575,"0","0","0","0","-","0"
1,"3LmS1a",1,173,1995,262,"Unknown ","UKN","UNK",41,"Dem. Rep. of the Congo","COD","COD",75,"0","0","0","0","0","0","-","0"
1,"3LmS1a",1,174,1996,6,"Angola","ANG","AGO",41,"Dem. Rep. of the Congo","COD","COD",108284,"0",152,"0","0","0","0","-","0"
1,"3LmS1a",1,175,1996,16,"Burundi","BDI","BDI",41,"Dem. Rep. of the Congo","COD","COD",30226,"0",105653,"0","0","0","0","-","0"
1,"3LmS1a",1,176,1996,161,"Rwanda","RWA","RWA",41,"Dem. Rep. of the Congo","COD","COD",423561,"0",776521,"0","0","0","0","-","0"
1,"3LmS1a",1,177,1996,177,"Sudan","SUD","SDN",41,"Dem. Rep. of the Congo","COD","COD",96529,"0",291,"0","0","0","0","-","0"
1,"3LmS1a",1,178,1996,199,"Uganda","UGA","UGA",41,"Dem. Rep. of the Congo","COD","COD",17289,"0","0","0","0","0","0","-","0"
1,"3LmS1a",1,179,1996,262,"Unknown ","UKN","UNK",41,"Dem. Rep. of the Congo","COD","COD",83,"0","0","0","0","0","0","-","0"
1,"3LmS1a",1,180,1997,6,"Angola","ANG","AGO",41,"Dem. Rep. of the Congo","COD","COD",87687,"0",28835,"0","0","0","0","-","0"
1,"3LmS1a",1,181,1997,16,"Burundi","BDI","BDI",41,"Dem. Rep. of the Congo","COD","COD",47004,"0",24511,"0","0","0","0","-","0"
1,"3LmS1a",1,182,1997,39,"Cameroon","CMR","CMR",41,"Dem. Rep. of the Congo","COD","COD",7,"0","0","0","0","0","0","-","0"
1,"3LmS1a",1,183,1997,40,"Congo","COB","COG",41,"Dem. Rep. of the Congo","COD","COD",20212,"0",11800,"0","0","0","0","-","0"
1,"3LmS1a",1,184,1997,159,"South Africa","RSA","ZAF",41,"Dem. Rep. of the Congo","COD","COD","0","0",8,"0","0","0","0","-","0"
1,"3LmS1a",1,185,1997,161,"Rwanda","RWA","RWA",41,"Dem. Rep. of the Congo","COD","COD",37000,"0",178429,"0","0","0","0","-","0"
1,"3LmS1a",1,186,1997,172,"Somalia","SOM","SOM",41,"Dem. Rep. of the Congo","COD","COD",73,"0","0","0","0","0","0","-","0"
1,"3LmS1a",1,187,1997,177,"Sudan","SUD","SDN",41,"Dem. Rep. of the Congo","COD","COD",61181,"0","0","0","0","0","0","-","0"
1,"3LmS1a",1,188,1997,199,"Uganda","UGA","UGA",41,"Dem. Rep. of the Congo","COD","COD",44289,"0",9,"0","0","0","0","-","0"
1,"3LmS1a",1,189,1997,262,"Unknown ","UKN","UNK",41,"Dem. Rep. of the Congo","COD","COD",83,"0","0","0","0","0","0","-","0"
1,"3LmS1a",1,190,1998,6,"Angola","ANG","AGO",41,"Dem. Rep. of the Congo","COD","COD",137000,"0",15597,"0","0","0","0","-","0"
1,"3LmS1a",1,191,1998,16,"Burundi","BDI","BDI",41,"Dem. Rep. of the Congo","COD","COD",20000,"0",8024,"0","0","0","0","-","0"
1,"3LmS1a",1,192,1998,40,"Congo","COB","COG",41,"Dem. Rep. of the Congo","COD","COD",15030,"0",25000,"0","0","0","0","-","0"
1,"3LmS1a",1,193,1998,159,"South Africa","RSA","ZAF",41,"Dem. Rep. of the Congo","COD","COD","0","0",6,"0","0","0","0","-","0"
1,"3LmS1a",1,194,1998,161,"Rwanda","RWA","RWA",41,"Dem. Rep. of the Congo","COD","COD",35000,"0",2419,"0","0","0","0","-","0"
1,"3LmS1a",1,195,1998,172,"Somalia","SOM","SOM",41,"Dem. Rep. of the Congo","COD","COD",70,"0","0","0","0","0","0","-","0"
1,"3LmS1a",1,196,1998,177,"Sudan","SUD","SDN",41,"Dem. Rep. of the Congo","COD","COD",31100,"0","0","0","0","0","0","-","0"
1,"3LmS1a",1,197,1998,199,"Uganda","UGA","UGA",41,"Dem. Rep. of the Congo","COD","COD",2000,"0",630,"0","0","0","0","-","0"
1,"3LmS1a",1,198,1998,262,"Unknown ","UKN","UNK",41,"Dem. Rep. of the Congo","COD","COD",14,"0","0","0","0","0","0","-","0"
1,"3LmS1a",1,199,1999,6,"Angola","ANG","AGO",41,"Dem. Rep. of the Congo","COD","COD",150000,"0",19205,"0","0","0","0","-","0"
1,"3LmS1a",1,200,1999,16,"Burundi","BDI","BDI",41,"Dem. Rep. of the Congo","COD","COD",19200,"0",770,"0","0","0","0","-","0"
1,"3LmS1a",1,201,1999,40,"Congo","COB","COG",41,"Dem. Rep. of the Congo","COD","COD",11800,"0",52240,"0","0","0","0","-","0"
1,"3LmS1a",1,202,1999,161,"Rwanda","RWA","RWA",41,"Dem. Rep. of the Congo","COD","COD",33000,"0",35996,"0","0","0","0","-","0"
1,"3LmS1a",1,203,1999,172,"Somalia","SOM","SOM",41,"Dem. Rep. of the Congo","COD","COD",16,"0","0","0","0","0","0","-","0"
1,"3LmS1a",1,204,1999,177,"Sudan","SUD","SDN",41,"Dem. Rep. of the Congo","COD","COD",68000,"0",40,"0","0","0","0","-","0"
1,"3LmS1a",1,205,1999,199,"Uganda","UGA","UGA",41,"Dem. Rep. of the Congo","COD","COD",3240,"0","0","0","0","0","0","-","0"
1,"3LmS1a",1,206,1999,262,"Unknown ","UKN","UNK",41,"Dem. Rep. of the Congo","COD","COD",14,"0","0","0","0","0","0","-","0"
1,"3LmS1a",1,207,2000,6,"Angola","ANG","AGO",41,"Dem. Rep. of the Congo","COD","COD",175420,20,7175,"0","0","0","0","-","0"
1,"3LmS1a",1,208,2000,16,"Burundi","BDI","BDI",41,"Dem. Rep. of the Congo","COD","COD",19760,11,211,"0","0","0","0","-","0"
1,"3LmS1a",1,209,2000,40,"Congo","COB","COG",41,"Dem. Rep. of the Congo","COD","COD",5100,22,5520,"0","0","0","0","-","0"
1,"3LmS1a",1,210,2000,41,"Dem. Rep. of the Congo","COD","COD",41,"Dem. Rep. of the Congo","COD","COD","0","0","0",3000,"0","0","0","-","0"
1,"3LmS1a",1,211,2000,106,"Liberia","LBR","LBR",41,"Dem. Rep. of the Congo","COD","COD","0",16,"0","0","0","0","0","-","0"
1,"3LmS1a",1,212,2000,161,"Rwanda","RWA","RWA",41,"Dem. Rep. of the Congo","COD","COD",46280,47,23340,"0","0","0","0","-","0"
1,"3LmS1a",1,213,2000,169,"Sierra Leone","SLE","SLE",41,"Dem. Rep. of the Congo","COD","COD","0",9,"0","0","0","0","0","-","0"
1,"3LmS1a",1,214,2000,177,"Sudan","SUD","SDN",41,"Dem. Rep. of the Congo","COD","COD",72910,18,"0","0","0","0","0","-","0"
1,"3LmS1a",1,215,2000,186,"United Rep. of Tanzania","TAN","TZA",41,"Dem. Rep. of the Congo","COD","COD","0","0",7,"0","0","0","0","-","0"
1,"3LmS1a",1,216,2000,199,"Uganda","UGA","UGA",41,"Dem. Rep. of the Congo","COD","COD",13020,"0","0","0","0","0","0","-","0"
1,"3LmS1a",1,217,2000,262,"Unknown ","UKN","UNK",41,"Dem. Rep. of the Congo","COD","COD",19,"0","0","0","0","0","0","-","0"
1,"3LmS1a",1,218,2001,6,"Angola","ANG","AGO",41,"Dem. Rep. of the Congo","COD","COD",186879,182,10655,"0","0","0","0","-","0"
1,"3LmS1a",1,219,2001,16,"Burundi","BDI","BDI",41,"Dem. Rep. of the Congo","COD","COD",19485,5,203,"0","0","0","0","-","0"
1,"3LmS1a",1,220,2001,34,"Central African Rep.","CAR","CAF",41,"Dem. Rep. of the Congo","COD","COD",26549,6,"0","0","0","0","0","-","0"
1,"3LmS1a",1,221,2001,40,"Congo","COB","COG",41,"Dem. Rep. of the Congo","COD","COD",2922,20,315,"0","0","0","0","-","0"
1,"3LmS1a",1,222,2001,41,"Dem. Rep. of the Congo","COD","COD",41,"Dem. Rep. of the Congo","COD","COD","0","0","0",3458,"0","0","0","-","0"
1,"3LmS1a",1,223,2001,106,"Liberia","LBR","LBR",41,"Dem. Rep. of the Congo","COD","COD","0",16,"0","0","0","0","0","-","0"
1,"3LmS1a",1,224,2001,161,"Rwanda","RWA","RWA",41,"Dem. Rep. of the Congo","COD","COD",30414,35,16778,"0","0","0","0","-","0"
1,"3LmS1a",1,225,2001,169,"Sierra Leone","SLE","SLE",41,"Dem. Rep. of the Congo","COD","COD","0",20,"0","0","0","0","0","-","0"
1,"3LmS1a",1,226,2001,177,"Sudan","SUD","SDN",41,"Dem. Rep. of the Congo","COD","COD",75009,15,173,"0","0","0","0","-","0"
1,"3LmS1a",1,227,2001,199,"Uganda","UGA","UGA",41,"Dem. Rep. of the Congo","COD","COD",20751,"0","0","0","0","0","0","-","0"
1,"3LmS1a",1,228,2001,262,"Unknown ","UKN","UNK",41,"Dem. Rep. of the Congo","COD","COD",5,"0","0","0","0","0","0","-","0"
1,"3LmS1a",1,229,2002,6,"Angola","ANG","AGO",41,"Dem. Rep. of the Congo","COD","COD",184201,171,32663,"0","0","0","0","-","0"
1,"3LmS1a",1,230,2002,16,"Burundi","BDI","BDI",41,"Dem. Rep. of the Congo","COD","COD",19374,40,2142,"0","0","0","0","-","0"
1,"3LmS1a",1,231,2002,34,"Central African Rep.","CAR","CAF",41,"Dem. Rep. of the Congo","COD","COD",2864,20,"0","0","0","0","0","-","0"
1,"3LmS1a",1,232,2002,36,"Chad","CHD","TCD",41,"Dem. Rep. of the Congo","COD","COD","0",5,"0","0","0","0","0","-","0"
1,"3LmS1a",1,233,2002,40,"Congo","COB","COG",41,"Dem. Rep. of the Congo","COD","COD",7212,18,315,"0","0","0","0","-","0"
1,"3LmS1a",1,234,2002,41,"Dem. Rep. of the Congo","COD","COD",41,"Dem. Rep. of the Congo","COD","COD","0","0","0",9000,"0","0","0","-","0"
1,"3LmS1a",1,235,2002,106,"Liberia","LBR","LBR",41,"Dem. Rep. of the Congo","COD","COD","0",14,"0","0","0","0","0","-","0"
1,"3LmS1a",1,236,2002,161,"Rwanda","RWA","RWA",41,"Dem. Rep. of the Congo","COD","COD",20510,118,14266,"0","0","0","0","-","0"
1,"3LmS1a",1,237,2002,177,"Sudan","SUD","SDN",41,"Dem. Rep. of the Congo","COD","COD",75781,5,265,"0","0","0","0","-","0"
1,"3LmS1a",1,238,2002,199,"Uganda","UGA","UGA",41,"Dem. Rep. of the Congo","COD","COD",23012,"0",5,"0","0","0","0","-","0"
1,"3LmS1a",1,239,2002,262,"Unknown ","UKN","UNK",41,"Dem. Rep. of the Congo","COD","COD",24,"0","0","0","0","0","0","-","0"
1,"3LmS1a",1,240,2003,6,"Angola","ANG","AGO",41,"Dem. Rep. of the Congo","COD","COD",123714,29,76668,"0","0","0","0","-","0"
1,"3LmS1a",1,241,2003,16,"Burundi","BDI","BDI",41,"Dem. Rep. of the Congo","COD","COD",19552,45,2142,"0","0","0","0","-","0"
1,"3LmS1a",1,242,2003,34,"Central African Rep.","CAR","CAF",41,"Dem. Rep. of the Congo","COD","COD",207,11,2755,"0","0","0","0","-","0"
1,"3LmS1a",1,243,2003,36,"Chad","CHD","TCD",41,"Dem. Rep. of the Congo","COD","COD","0",5,"0","0","0","0","0","-","0"
1,"3LmS1a",1,244,2003,40,"Congo","COB","COG",41,"Dem. Rep. of the Congo","COD","COD",6626,30,803,"0","0","0","0","-","0"
1,"3LmS1a",1,245,2003,87,"Cote d'Ivoire","ICO","CIV",41,"Dem. Rep. of the Congo","COD","COD","0",5,"0","0","0","0","0","-","0"
1,"3LmS1a",1,246,2003,106,"Liberia","LBR","LBR",41,"Dem. Rep. of the Congo","COD","COD","0",102,"0","0","0","0","0","-","0"
1,"3LmS1a",1,247,2003,161,"Rwanda","RWA","RWA",41,"Dem. Rep. of the Congo","COD","COD",19743,195,17604,"0","0","0","0","-","0"
1,"3LmS1a",1,248,2003,169,"Sierra Leone","SLE","SLE",41,"Dem. Rep. of the Congo","COD","COD","0",5,"0","0","0","0","0","-","0"
1,"3LmS1a",1,249,2003,177,"Sudan","SUD","SDN",41,"Dem. Rep. of the Congo","COD","COD",45060,9,98,"0","0","0","0","-","0"
1,"3LmS1a",1,250,2003,199,"Uganda","UGA","UGA",41,"Dem. Rep. of the Congo","COD","COD",18953,5,4087,"0","0","0","0","-","0"
1,"3LmS1a",1,251,2003,262,"Unknown ","UKN","UNK",41,"Dem. Rep. of the Congo","COD","COD",178,"0","0","0","0","0","0","-","0"
1,"3LmS1a",1,252,2004,6,"Angola","ANG","AGO",41,"Dem. Rep. of the Congo","COD","COD",98383,32,34085,"0","0","0","0","-","0"
1,"3LmS1a",1,253,2004,16,"Burundi","BDI","BDI",41,"Dem. Rep. of the Congo","COD","COD",19400,71,879,"0","0","0","0","-","0"
1,"3LmS1a",1,254,2004,34,"Central African Rep.","CAR","CAF",41,"Dem. Rep. of the Congo","COD","COD",87,6,"0","0","0","0","0","-","0"
1,"3LmS1a",1,255,2004,36,"Chad","CHD","TCD",41,"Dem. Rep. of the Congo","COD","COD","0",5,"0","0","0","0","0","-","0"
1,"3LmS1a",1,256,2004,40,"Congo","COB","COG",41,"Dem. Rep. of the Congo","COD","COD",5277,14,344,"0","0","0","0","-","0"
1,"3LmS1a",1,257,2004,87,"Cote d'Ivoire","ICO","CIV",41,"Dem. Rep. of the Congo","COD","COD","0",14,"0","0","0","0","0","-","0"
1,"3LmS1a",1,258,2004,106,"Liberia","LBR","LBR",41,"Dem. Rep. of the Congo","COD","COD","0",84,"0","0","0","0","0","-","0"
1,"3LmS1a",1,259,2004,161,"Rwanda","RWA","RWA",41,"Dem. Rep. of the Congo","COD","COD",11816,90,10833,"0","0","0","0","-","0"
1,"3LmS1a",1,260,2004,169,"Sierra Leone","SLE","SLE",41,"Dem. Rep. of the Congo","COD","COD","0",5,"0","0","0","0","0","-","0"
1,"3LmS1a",1,261,2004,172,"Somalia","SOM","SOM",41,"Dem. Rep. of the Congo","COD","COD","0",16,"0","0","0","0","0","-","0"
1,"3LmS1a",1,262,2004,177,"Sudan","SUD","SDN",41,"Dem. Rep. of the Congo","COD","COD",45226,6,172,"0","0","0","0","-","0"
1,"3LmS1a",1,263,2004,199,"Uganda","UGA","UGA",41,"Dem. Rep. of the Congo","COD","COD",18953,5,"0","0","0","0","0","-","0"
1,"3LmS1a",1,264,2004,262,"Unknown ","UKN","UNK",41,"Dem. Rep. of the Congo","COD","COD",181,"0","0","0","0","0","0","-","0"
1,"3LmS1a",1,265,2005,6,"Angola","ANG","AGO",41,"Dem. Rep. of the Congo","COD","COD",106772,5,20072,"0","0","0","0","-","0"
1,"3LmS1a",1,266,2005,16,"Burundi","BDI","BDI",41,"Dem. Rep. of the Congo","COD","COD",19032,24,1002,"0","0","0","0","-","0"
1,"3LmS1a",1,267,2005,34,"Central African Rep.","CAR","CAF",41,"Dem. Rep. of the Congo","COD","COD",74,"0",7,"0","0","0","0","-","0"
1,"3LmS1a",1,268,2005,40,"Congo","COB","COG",41,"Dem. Rep. of the Congo","COD","COD",5243,10,40,"0","0","0","0","-","0"
1,"3LmS1a",1,269,2005,87,"Cote d'Ivoire","ICO","CIV",41,"Dem. Rep. of the Congo","COD","COD","0",7,"0","0","0","0","0","-","0"
1,"3LmS1a",1,270,2005,106,"Liberia","LBR","LBR",41,"Dem. Rep. of the Congo","COD","COD","0",10,"0","0","0","0","0","-","0"
1,"3LmS1a",1,271,2005,161,"Rwanda","RWA","RWA",41,"Dem. Rep. of the Congo","COD","COD",42360,78,8048,"0","0","0","0","-","0"
1,"3LmS1a",1,272,2005,177,"Sudan","SUD","SDN",41,"Dem. Rep. of the Congo","COD","COD",11723,5,18265,"0","0","0","0","-","0"
1,"3LmS1a",1,273,2005,199,"Uganda","UGA","UGA",41,"Dem. Rep. of the Congo","COD","COD",18954,"0","0","0","0","0","0","-","0"
1,"3LmS1a",1,274,2005,262,"Unknown ","UKN","UNK",41,"Dem. Rep. of the Congo","COD","COD",183,"0","0","0","0","0","0","-","0"
1,"3LmS1a",1,275,2006,6,"Angola","ANG","AGO",41,"Dem. Rep. of the Congo","COD","COD",132295,5,24438,"0","0","0","0","-","0"
1,"3LmS1a",1,276,2006,16,"Burundi","BDI","BDI",41,"Dem. Rep. of the Congo","COD","COD",17777,8,1284,"0","0","0","0","-","0"
1,"3LmS1a",1,277,2006,34,"Central African Rep.","CAR","CAF",41,"Dem. Rep. of the Congo","COD","COD",31,5,"0","0","0","0","0","-","0"
1,"3LmS1a",1,278,2006,40,"Congo","COB","COG",41,"Dem. Rep. of the Congo","COD","COD",817,14,4413,"0","0","0","0","-","0"
1,"3LmS1a",1,279,2006,41,"Dem. Rep. of the Congo","COD","COD",41,"Dem. Rep. of the Congo","COD","COD","0","0","0",1075297,490000,"0","0","-","0"
1,"3LmS1a",1,280,2006,87,"Cote d'Ivoire","ICO","CIV",41,"Dem. Rep. of the Congo","COD","COD","0",21,"0","0","0","0","0","-","0"
1,"3LmS1a",1,281,2006,161,"Rwanda","RWA","RWA",41,"Dem. Rep. of the Congo","COD","COD",37313,35,5828,"0","0","0","0","-","0"
1,"3LmS1a",1,282,2006,177,"Sudan","SUD","SDN",41,"Dem. Rep. of the Congo","COD","COD",6181,5,6737,"0","0","0","0","-","0"
1,"3LmS1a",1,283,2006,199,"Uganda","UGA","UGA",41,"Dem. Rep. of the Congo","COD","COD",13904,"0",5035,"0","0","0","0","-","0"
1,"3LmS1a",1,284,2006,262,"Unknown ","UKN","UNK",41,"Dem. Rep. of the Congo","COD","COD",53,"0","0","0","0","0","0","-","0"
1,"3LmS1a",1,285,2007,6,"Angola","ANG","AGO",41,"Dem. Rep. of the Congo","COD","COD",112680,"0",7252,"0","0","0","0","-","0"
1,"3LmS1a",1,286,2007,16,"Burundi","BDI","BDI",41,"Dem. Rep. of the Congo","COD","COD",17602,6,45,"0","0","0","0","-","0"
1,"3LmS1a",1,287,2007,34,"Central African Rep.","CAR","CAF",41,"Dem. Rep. of the Congo","COD","COD",38,9,"0","0","0","0","0","-","0"
1,"3LmS1a",1,288,2007,40,"Congo","COB","COG",41,"Dem. Rep. of the Congo","COD","COD",782,9,"0","0","0","0","0","-","0"
1,"3LmS1a",1,289,2007,41,"Dem. Rep. of the Congo","COD","COD",41,"Dem. Rep. of the Congo","COD","COD","0","0","0",1317879,1000000,"0","0","-","0"
1,"3LmS1a",1,290,2007,79,"Guinea","GUI","GIN",41,"Dem. Rep. of the Congo","COD","COD","0",5,"0","0","0","0","0","-","0"
1,"3LmS1a",1,291,2007,87,"Cote d'Ivoire","ICO","CIV",41,"Dem. Rep. of the Congo","COD","COD","0",19,"0","0","0","0","0","-","0"
1,"3LmS1a",1,292,2007,106,"Liberia","LBR","LBR",41,"Dem. Rep. of the Congo","COD","COD","0",10,"0","0","0","0","0","-","0"
1,"3LmS1a",1,293,2007,161,"Rwanda","RWA","RWA",41,"Dem. Rep. of the Congo","COD","COD",29814,33,9408,"0","0","0","0","-","0"
1,"3LmS1a",1,294,2007,177,"Sudan","SUD","SDN",41,"Dem. Rep. of the Congo","COD","COD",2511,5,3674,"0","0","0","0","-","0"
1,"3LmS1a",1,295,2007,199,"Uganda","UGA","UGA",41,"Dem. Rep. of the Congo","COD","COD",13905,"0","0","0","0","0","0","-","0"
1,"3LmS1a",1,296,2007,262,"Unknown ","UKN","UNK",41,"Dem. Rep. of the Congo","COD","COD",58,"0","0","0","0","0","0","-","0"
1,"3LmS1a",1,297,2008,6,"Angola","ANG","AGO",41,"Dem. Rep. of the Congo","COD","COD",111589,"0",12770,"0","0","0","0","-","0"
1,"3LmS1a",1,298,2008,16,"Burundi","BDI","BDI",41,"Dem. Rep. of the Congo","COD","COD",17588,"0",6,"0","0","0","0","-","0"
1,"3LmS1a",1,299,2008,34,"Central African Rep.","CAR","CAF",41,"Dem. Rep. of the Congo","COD","COD",40,"0","0","0","0","0","0","-","0"
1,"3LmS1a",1,300,2008,40,"Congo","COB","COG",41,"Dem. Rep. of the Congo","COD","COD",716,5,84,"0","0","0",5,"-","0"
1,"3LmS1a",1,301,2008,41,"Dem. Rep. of the Congo","COD","COD",41,"Dem. Rep. of the Congo","COD","COD","0","0","0",1460102,"0","0","0","-","0"
1,"3LmS1a",1,302,2008,161,"Rwanda","RWA","RWA",41,"Dem. Rep. of the Congo","COD","COD",22643,"0",8074,"0","0","0",5,"-","0"
1,"3LmS1a",1,303,2008,177,"Sudan","SUD","SDN",41,"Dem. Rep. of the Congo","COD","COD",2511,"0",8,"0","0","0","0","-","0"
1,"3LmS1a",1,304,2008,199,"Uganda","UGA","UGA",41,"Dem. Rep. of the Congo","COD","COD",15,"0","0","0","0","0","0","-","0"
1,"3LmS1a",1,305,2008,262,"Unknown ","UKN","UNK",41,"Dem. Rep. of the Congo","COD","COD",60,"0","0","0","0","0","0","-","0"
1,"3LmS1a",1,306,2009,6,"Angola","ANG","AGO",41,"Dem. Rep. of the Congo","COD","COD",84374,"0","0","0","0","0","0","-","0"
1,"3LmS1a",1,307,2009,16,"Burundi","BDI","BDI",41,"Dem. Rep. of the Congo","COD","COD",17585,583,95,"0","0","0","0","-","0"
1,"3LmS1a",1,308,2009,34,"Central African Rep.","CAR","CAF",41,"Dem. Rep. of the Congo","COD","COD",36,7,14,"0","0","0","0","-","0"
1,"3LmS1a",1,309,2009,36,"Chad","CHD","TCD",41,"Dem. Rep. of the Congo","COD","COD","0","0",5,"0","0","0","0","-","0"
1,"3LmS1a",1,310,2009,40,"Congo","COB","COG",41,"Dem. Rep. of the Congo","COD","COD",706,6,7,"0","0","0",8,"-","0"
1,"3LmS1a",1,311,2009,41,"Dem. Rep. of the Congo","COD","COD",41,"Dem. Rep. of the Congo","COD","COD","0","0","0",2052677,78859,"0","0","-","0"
1,"3LmS1a",1,312,2009,161,"Rwanda","RWA","RWA",41,"Dem. Rep. of the Congo","COD","COD",80525,34,14780,"0","0","0","0","-","0"
1,"3LmS1a",1,313,2009,177,"Sudan","SUD","SDN",41,"Dem. Rep. of the Congo","COD","COD",2509,"0","0","0","0","0","0","-","0"
1,"3LmS1a",1,314,2009,186,"United Rep. of Tanzania","TAN","TZA",41,"Dem. Rep. of the Congo","COD","COD","0",7,"0","0","0","0","0","-","0"
1,"3LmS1a",1,315,2009,199,"Uganda","UGA","UGA",41,"Dem. Rep. of the Congo","COD","COD",16,"0","0","0","0","0","0","-","0"
1,"3LmS1a",1,316,2009,262,"Unknown ","UKN","UNK",41,"Dem. Rep. of the Congo","COD","COD",58,"0","0","0","0","0","0","-","0"
1,"3LmS1a",1,317,2010,6,"Angola","ANG","AGO",41,"Dem. Rep. of the Congo","COD","COD",79617,"0","0","0","0","0","0","-","0"
1,"3LmS1a",1,318,2010,16,"Burundi","BDI","BDI",41,"Dem. Rep. of the Congo","COD","COD",12845,720,3640,"0","0","0","0","-","0"
1,"3LmS1a",1,319,2010,34,"Central African Rep.","CAR","CAF",41,"Dem. Rep. of the Congo","COD","COD",706,15,"0","0","0","0","0","-","0"
1,"3LmS1a",1,320,2010,39,"Cameroon","CMR","CMR",41,"Dem. Rep. of the Congo","COD","COD",5,"0","0","0","0","0","0","-","0"
1,"3LmS1a",1,321,2010,40,"Congo","COB","COG",41,"Dem. Rep. of the Congo","COD","COD",762,15,7,"0","0","0","0","-","0"
1,"3LmS1a",1,322,2010,41,"Dem. Rep. of the Congo","COD","COD",41,"Dem. Rep. of the Congo","COD","COD","0","0","0",1721382,460754,"0","0","-","0"
1,"3LmS1a",1,323,2010,79,"Guinea","GUI","GIN",41,"Dem. Rep. of the Congo","COD","COD",7,"0","0","0","0","0","0","-","0"
1,"3LmS1a",1,324,2010,106,"Liberia","LBR","LBR",41,"Dem. Rep. of the Congo","COD","COD",5,"0","0","0","0","0","0","-","0"
1,"3LmS1a",1,325,2010,131,"Mozambique","MOZ","MOZ",41,"Dem. Rep. of the Congo","COD","COD","0",6,"0","0","0","0","0","-","0"
1,"3LmS1a",1,326,2010,161,"Rwanda","RWA","RWA",41,"Dem. Rep. of the Congo","COD","COD",69836,152,10807,"0","0","0","0","-","0"
1,"3LmS1a",1,327,2010,172,"Somalia","SOM","SOM",41,"Dem. Rep. of the Congo","COD","COD",29,"0","0","0","0","0","0","-","0"
1,"3LmS1a",1,328,2010,177,"Sudan","SUD","SDN",41,"Dem. Rep. of the Congo","COD","COD",2505,"0","0","0","0","0","0","-","0"
1,"3LmS1a",1,329,2010,186,"United Rep. of Tanzania","TAN","TZA",41,"Dem. Rep. of the Congo","COD","COD","0",7,"0","0","0","0","0","-","0"
1,"3LmS1a",1,330,2010,199,"Uganda","UGA","UGA",41,"Dem. Rep. of the Congo","COD","COD",16,5,"0","0","0","0","0","-","0"
1,"3LmS1a",1,331,2011,6,"Angola","ANG","AGO",41,"Dem. Rep. of the Congo","COD","COD",78144,5,1538,"0","0","0","0","-","0"
1,"3LmS1a",1,332,2011,16,"Burundi","BDI","BDI",41,"Dem. Rep. of the Congo","COD","COD",8915,785,3944,"0","0","0","0","-","0"
1,"3LmS1a",1,333,2011,34,"Central African Rep.","CAR","CAF",41,"Dem. Rep. of the Congo","COD","COD",910,5,8,"0","0","0","0","-","0"
1,"3LmS1a",1,334,2011,39,"Cameroon","CMR","CMR",41,"Dem. Rep. of the Congo","COD","COD",6,6,"0","0","0","0","0","-","0"
1,"3LmS1a",1,335,2011,40,"Congo","COB","COG",41,"Dem. Rep. of the Congo","COD","COD",725,20,14,"0","0","0","0","-","0"
1,"3LmS1a",1,336,2011,41,"Dem. Rep. of the Congo","COD","COD",41,"Dem. Rep. of the Congo","COD","COD","0","0","0",1709278,822688,"0","0","-","0"
1,"3LmS1a",1,337,2011,79,"Guinea","GUI","GIN",41,"Dem. Rep. of the Congo","COD","COD",7,"0","0","0","0","0","0","-","0"
1,"3LmS1a",1,338,2011,87,"Cote d'Ivoire","ICO","CIV",41,"Dem. Rep. of the Congo","COD","COD",5,7,"0","0","0","0","0","-","0"
1,"3LmS1a",1,339,2011,106,"Liberia","LBR","LBR",41,"Dem. Rep. of the Congo","COD","COD",6,"0","0","0","0","0","0","-","0"
1,"3LmS1a",1,340,2011,161,"Rwanda","RWA","RWA",41,"Dem. Rep. of the Congo","COD","COD",61481,256,8352,"0","0","0","0","-","0"
1,"3LmS1a",1,341,2011,172,"Somalia","SOM","SOM",41,"Dem. Rep. of the Congo","COD","COD",29,36,"0","0","0","0","0","-","0"
1,"3LmS1a",1,342,2011,179,"South Sudan","SSD","SSD",41,"Dem. Rep. of the Congo","COD","COD","0","0",8,"0","0","0","0","-","0"
1,"3LmS1a",1,343,2011,177,"Sudan","SUD","SDN",41,"Dem. Rep. of the Congo","COD","COD",2504,"0",8,"0","0","0","0","-","0"
1,"3LmS1a",1,344,2011,186,"United Rep. of Tanzania","TAN","TZA",41,"Dem. Rep. of the Congo","COD","COD","0",6,"0","0","0","0","0","-","0"
1,"3LmS1a",1,345,2011,199,"Uganda","UGA","UGA",41,"Dem. Rep. of the Congo","COD","COD",16,5,"0","0","0","0","0","-","0"
1,"3LmS1a",1,346,2012,6,"Angola","ANG","AGO",41,"Dem. Rep. of the Congo","COD","COD","0","0",15573,"0","0","0",71815,"-","0"
1,"3LmS1a",1,347,2012,16,"Burundi","BDI","BDI",41,"Dem. Rep. of the Congo","COD","COD",9368,862,476,"0","0","0","0","-","0"
1,"3LmS1a",1,348,2012,34,"Central African Rep.","CAR","CAF",41,"Dem. Rep. of the Congo","COD","COD",1691,"0","0","0","0","0","0","-","0"
1,"3LmS1a",1,349,2012,39,"Cameroon","CMR","CMR",41,"Dem. Rep. of the Congo","COD","COD",7,5,"0","0","0","0","0","-","0"
1,"3LmS1a",1,350,2012,40,"Congo","COB","COG",41,"Dem. Rep. of the Congo","COD","COD",732,125,"0","0","0","0","0","-","0"
1,"3LmS1a",1,351,2012,41,"Dem. Rep. of the Congo","COD","COD",41,"Dem. Rep. of the Congo","COD","COD","0","0","0",2669069,304596,"0","0","-","0"
1,"3LmS1a",1,352,2012,79,"Guinea","GUI","GIN",41,"Dem. Rep. of the Congo","COD","COD",7,"0","0","0","0","0","0","-","0"
1,"3LmS1a",1,353,2012,87,"Cote d'Ivoire","ICO","CIV",41,"Dem. Rep. of the Congo","COD","COD",5,13,"0","0","0","0","0","-","0"
1,"3LmS1a",1,354,2012,106,"Liberia","LBR","LBR",41,"Dem. Rep. of the Congo","COD","COD",6,44,"0","0","0","0","0","-","0"
1,"3LmS1a",1,355,2012,161,"Rwanda","RWA","RWA",41,"Dem. Rep. of the Congo","COD","COD",50736,748,10780,"0","0","0","0","-","0"
1,"3LmS1a",1,356,2012,169,"Sierra Leone","SLE","SLE",41,"Dem. Rep. of the Congo","COD","COD","0",6,"0","0","0","0","0","-","0"
1,"3LmS1a",1,357,2012,172,"Somalia","SOM","SOM",41,"Dem. Rep. of the Congo","COD","COD",29,11,"0","0","0","0","0","-","0"
1,"3LmS1a",1,358,2012,177,"Sudan","SUD","SDN",41,"Dem. Rep. of the Congo","COD","COD",2505,"0","0","0","0","0","0","-","0"
1,"3LmS1a",1,359,2012,186,"United Rep. of Tanzania","TAN","TZA",41,"Dem. Rep. of the Congo","COD","COD","0",7,"0","0","0","0","0","-","0"
1,"3LmS1a",1,360,2012,199,"Uganda","UGA","UGA",41,"Dem. Rep. of the Congo","COD","COD",20,"0","0","0","0","0","0","-","0"
1,"3LmS1a",1,361,2013,6,"Angola","ANG","AGO",41,"Dem. Rep. of the Congo","COD","COD",558,7,"0","0","0","0",71257,"-","0"
1,"3LmS1a",1,362,2013,16,"Burundi","BDI","BDI",41,"Dem. Rep. of the Congo","COD","COD",9762,851,1498,"0","0","0","0","-","0"
1,"3LmS1a",1,363,2013,34,"Central African Rep.","CAR","CAF",41,"Dem. Rep. of the Congo","COD","COD",53385,68,"0","0","0","0","0","-","0"
1,"3LmS1a",1,364,2013,39,"Cameroon","CMR","CMR",41,"Dem. Rep. of the Congo","COD","COD",6,6,"0","0","0","0","0","-","0"
1,"3LmS1a",1,365,2013,40,"Congo","COB","COG",41,"Dem. Rep. of the Congo","COD","COD",673,12,"0","0","0","0","0","-","0"
1,"3LmS1a",1,366,2013,41,"Dem. Rep. of the Congo","COD","COD",41,"Dem. Rep. of the Congo","COD","COD","0","0","0",2963799,595200,"0","0","-","0"
1,"3LmS1a",1,367,2013,79,"Guinea","GUI","GIN",41,"Dem. Rep. of the Congo","COD","COD",7,"0","0","0","0","0","0","-","0"
1,"3LmS1a",1,368,2013,87,"Cote d'Ivoire","ICO","CIV",41,"Dem. Rep. of the Congo","COD","COD",6,9,"0","0","0","0","0","-","0"
1,"3LmS1a",1,369,2013,106,"Liberia","LBR","LBR",41,"Dem. Rep. of the Congo","COD","COD",6,7,"0","0","0","0","0","-","0"
1,"3LmS1a",1,370,2013,161,"Rwanda","RWA","RWA",41,"Dem. Rep. of the Congo","COD","COD",43674,397,7199,"0","0","0","0","-","0"
1,"3LmS1a",1,371,2013,172,"Somalia","SOM","SOM",41,"Dem. Rep. of the Congo","COD","COD",30,88,"0","0","0","0","0","-","0"
1,"3LmS1a",1,372,2013,177,"Sudan","SUD","SDN",41,"Dem. Rep. of the Congo","COD","COD",2564,"0","0","0","0","0","0","-","0"
1,"3LmS1a",1,373,2013,186,"United Rep. of Tanzania","TAN","TZA",41,"Dem. Rep. of the Congo","COD","COD","0",8,"0","0","0","0","0","-","0"
1,"3LmS1a",1,374,2013,199,"Uganda","UGA","UGA",41,"Dem. Rep. of the Congo","COD","COD",2686,"0","0","0","0","0","0","-","0"
1,"3LmS1a",1,375,2014,6,"Angola","ANG","AGO",41,"Dem. Rep. of the Congo","COD","COD",558,5,12482,"0","0","0",43931,"-","0"
1,"3LmS1a",1,376,2014,16,"Burundi","BDI","BDI",41,"Dem. Rep. of the Congo","COD","COD",9259,542,901,"0","0","0","0","-","0"
1,"3LmS1a",1,377,2014,34,"Central African Rep.","CAR","CAF",41,"Dem. Rep. of the Congo","COD","COD",68165,66,"0","0","0","0","0","-","0"
1,"3LmS1a",1,378,2014,36,"Chad","CHD","TCD",41,"Dem. Rep. of the Congo","COD","COD",5,34,"0","0","0","0","0","-","0"
1,"3LmS1a",1,379,2014,39,"Cameroon","CMR","CMR",41,"Dem. Rep. of the Congo","COD","COD",7,38,"0","0","0","0","0","-","0"
1,"3LmS1a",1,380,2014,40,"Congo","COB","COG",41,"Dem. Rep. of the Congo","COD","COD",671,14,"0","0","0","0","0","-","0"
1,"3LmS1a",1,381,2014,41,"Dem. Rep. of the Congo","COD","COD",41,"Dem. Rep. of the Congo","COD","COD","0","0","0",2756585,561073,"0",109205,"-","0"
1,"3LmS1a",1,382,2014,79,"Guinea","GUI","GIN",41,"Dem. Rep. of the Congo","COD","COD",8,14,"0","0","0","0","0","-","0"
1,"3LmS1a",1,383,2014,87,"Cote d'Ivoire","ICO","CIV",41,"Dem. Rep. of the Congo","COD","COD",9,12,"0","0","0","0","0","-","0"
1,"3LmS1a",1,384,2014,106,"Liberia","LBR","LBR",41,"Dem. Rep. of the Congo","COD","COD",8,7,"0","0","0","0","0","-","0"
1,"3LmS1a",1,385,2014,126,"Mali","MLI","MLI",41,"Dem. Rep. of the Congo","COD","COD","0",10,"0","0","0","0","0","-","0"
1,"3LmS1a",1,386,2014,141,"Nigeria","NIG","NGA",41,"Dem. Rep. of the Congo","COD","COD","0",10,"0","0","0","0","0","-","0"
1,"3LmS1a",1,387,2014,161,"Rwanda","RWA","RWA",41,"Dem. Rep. of the Congo","COD","COD",38028,320,5645,"0","0","0","0","-","0"
1,"3LmS1a",1,388,2014,165,"Senegal","SEN","SEN",41,"Dem. Rep. of the Congo","COD","COD","0",5,"0","0","0","0","0","-","0"
1,"3LmS1a",1,389,2014,172,"Somalia","SOM","SOM",41,"Dem. Rep. of the Congo","COD","COD",31,88,"0","0","0","0","0","-","0"
1,"3LmS1a",1,390,2014,179,"South Sudan","SSD","SSD",41,"Dem. Rep. of the Congo","COD","COD",1790,5,"0","0","0","0","0","-","0"
1,"3LmS1a",1,391,2014,186,"United Rep. of Tanzania","TAN","TZA",41,"Dem. Rep. of the Congo","COD","COD","0",7,"0","0","0","0","0","-","0"
1,"3LmS1a",1,392,2014,192,"Togo","TOG","TGO",41,"Dem. Rep. of the Congo","COD","COD","0",5,"0","0","0","0","0","-","0"
1,"3LmS1a",1,393,2014,199,"Uganda","UGA","UGA",41,"Dem. Rep. of the Congo","COD","COD",1213,"0","0","0","0","0","0","-","0"
1,"3LmS1a",1,394,2015,6,"Angola","ANG","AGO",41,"Dem. Rep. of the Congo","COD","COD",561,"0",3996,"0","0","0",14474,"-","0"
1,"3LmS1a",1,395,2015,16,"Burundi","BDI","BDI",41,"Dem. Rep. of the Congo","COD","COD",23163,329,6,"0","0","0","0","-","0"
1,"3LmS1a",1,396,2015,34,"Central African Rep.","CAR","CAF",41,"Dem. Rep. of the Congo","COD","COD",107929,"0",605,"0","0","0","0","-","0"
1,"3LmS1a",1,397,2015,36,"Chad","CHD","TCD",41,"Dem. Rep. of the Congo","COD","COD",5,34,"0","0","0","0","0","-","0"
1,"3LmS1a",1,398,2015,39,"Cameroon","CMR","CMR",41,"Dem. Rep. of the Congo","COD","COD",5,42,"0","0","0","0","0","-","0"
1,"3LmS1a",1,399,2015,40,"Congo","COB","COG",41,"Dem. Rep. of the Congo","COD","COD",699,6,"0","0","0","0","0","-","0"
1,"3LmS1a",1,400,2015,41,"Dem. Rep. of the Congo","COD","COD",41,"Dem. Rep. of the Congo","COD","COD","0","0","0",1555112,736837,"0","0","-","0"
1,"3LmS1a",1,401,2015,79,"Guinea","GUI","GIN",41,"Dem. Rep. of the Congo","COD","COD","0",16,"0","0","0","0","0","-","0"
1,"3LmS1a",1,402,2015,87,"Cote d'Ivoire","ICO","CIV",41,"Dem. Rep. of the Congo","COD","COD",9,8,"0","0","0","0","0","-","0"
1,"3LmS1a",1,403,2015,106,"Liberia","LBR","LBR",41,"Dem. Rep. of the Congo","COD","COD",8,"0","0","0","0","0","0","-","0"
1,"3LmS1a",1,404,2015,126,"Mali","MLI","MLI",41,"Dem. Rep. of the Congo","COD","COD","0",13,"0","0","0","0","0","-","0"
1,"3LmS1a",1,405,2015,141,"Nigeria","NIG","NGA",41,"Dem. Rep. of the Congo","COD","COD","0",14,"0","0","0","0","0","-","0"
1,"3LmS1a",1,406,2015,161,"Rwanda","RWA","RWA",41,"Dem. Rep. of the Congo","COD","COD",245052,357,5024,"0","0","0","0","-","0"
1,"3LmS1a",1,407,2015,165,"Senegal","SEN","SEN",41,"Dem. Rep. of the Congo","COD","COD","0",5,"0","0","0","0","0","-","0"
1,"3LmS1a",1,408,2015,172,"Somalia","SOM","SOM",41,"Dem. Rep. of the Congo","COD","COD",34,144,"0","0","0","0","0","-","0"
1,"3LmS1a",1,409,2015,179,"South Sudan","SSD","SSD",41,"Dem. Rep. of the Congo","COD","COD",5597,5,"0","0","0","0","0","-","0"
1,"3LmS1a",1,410,2015,185,"Syrian Arab Rep.","SYR","SYR",41,"Dem. Rep. of the Congo","COD","COD",7,"0","0","0","0","0","0","-","0"
1,"3LmS1a",1,411,2015,199,"Uganda","UGA","UGA",41,"Dem. Rep. of the Congo","COD","COD",26,5,1191,"0","0","0","0","-","0"
1,"3LmS1a",1,412,2016,6,"Angola","ANG","AGO",41,"Dem. Rep. of the Congo","COD","COD",494,13,"0","0","0","0","0","-","0"
1,"3LmS1a",1,413,2016,16,"Burundi","BDI","BDI",41,"Dem. Rep. of the Congo","COD","COD",36332,524,298,"0","0","0","0","-","0"
1,"3LmS1a",1,414,2016,34,"Central African Rep.","CAR","CAF",41,"Dem. Rep. of the Congo","COD","COD",102489,57,15517,"0","0","0","0","-","0"
1,"3LmS1a",1,415,2016,36,"Chad","CHD","TCD",41,"Dem. Rep. of the Congo","COD","COD",5,11,"0","0","0","0","0","-","0"
1,"3LmS1a",1,416,2016,39,"Cameroon","CMR","CMR",41,"Dem. Rep. of the Congo","COD","COD","0",19,"0","0","0","0","0","-","0"
1,"3LmS1a",1,417,2016,40,"Congo","COB","COG",41,"Dem. Rep. of the Congo","COD","COD",676,29,"0","0","0","0","0","-","0"
1,"3LmS1a",1,418,2016,41,"Dem. Rep. of the Congo","COD","COD",41,"Dem. Rep. of the Congo","COD","COD","0","0","0",2232900,619600,"0","0","-","0"
1,"3LmS1a",1,419,2016,56,"Eritrea","ERT","ERI",41,"Dem. Rep. of the Congo","COD","COD",5,"0","0","0","0","0","0","-","0"
1,"3LmS1a",1,420,2016,87,"Cote d'Ivoire","ICO","CIV",41,"Dem. Rep. of the Congo","COD","COD",7,11,"0","0","0","0","0","-","0"
1,"3LmS1a",1,421,2016,106,"Liberia","LBR","LBR",41,"Dem. Rep. of the Congo","COD","COD",6,19,"0","0","0","0","0","-","0"
1,"3LmS1a",1,422,2016,126,"Mali","MLI","MLI",41,"Dem. Rep. of the Congo","COD","COD","0",16,"0","0","0","0","0","-","0"
1,"3LmS1a",1,423,2016,137,"Nepal","NEP","NPL",41,"Dem. Rep. of the Congo","COD","COD","0",5,"0","0","0","0","0","-","0"
1,"3LmS1a",1,424,2016,141,"Nigeria","NIG","NGA",41,"Dem. Rep. of the Congo","COD","COD","0",5,"0","0","0","0","0","-","0"
1,"3LmS1a",1,425,2016,161,"Rwanda","RWA","RWA",41,"Dem. Rep. of the Congo","COD","COD",245052,396,6066,"0","0","0","0","-","0"
1,"3LmS1a",1,426,2016,172,"Somalia","SOM","SOM",41,"Dem. Rep. of the Congo","COD","COD",34,184,"0","0","0","0","0","-","0"
1,"3LmS1a",1,427,2016,179,"South Sudan","SSD","SSD",41,"Dem. Rep. of the Congo","COD","COD",66672,8,"0","0","0","0","0","-","0"
1,"3LmS1a",1,428,2016,177,"Sudan","SUD","SDN",41,"Dem. Rep. of the Congo","COD","COD",150,"0","0","0","0","0","0","-","0"
1,"3LmS1a",1,429,2016,185,"Syrian Arab Rep.","SYR","SYR",41,"Dem. Rep. of the Congo","COD","COD",11,22,"0","0","0","0","0","-","0"
1,"3LmS1a",1,430,2016,199,"Uganda","UGA","UGA",41,"Dem. Rep. of the Congo","COD","COD",24,5,"0","0","0","0","0","-","0"
1,"3LmS1a",1,431,2017,6,"Angola","ANG","AGO",41,"Dem. Rep. of the Congo","COD","COD",494,13,"0","0","0","0","0","-","0"
1,"3LmS1a",1,432,2017,16,"Burundi","BDI","BDI",41,"Dem. Rep. of the Congo","COD","COD",44450,225,72,"0","0","0","0","-","0"
1,"3LmS1a",1,433,2017,34,"Central African Rep.","CAR","CAF",41,"Dem. Rep. of the Congo","COD","COD",181917,180,33473,"0","0","0","0","-","0"
1,"3LmS1a",1,434,2017,36,"Chad","CHD","TCD",41,"Dem. Rep. of the Congo","COD","COD",5,16,"0","0","0","0","0","-","0"
1,"3LmS1a",1,435,2017,39,"Cameroon","CMR","CMR",41,"Dem. Rep. of the Congo","COD","COD","0",17,"0","0","0","0","0","-","0"
1,"3LmS1a",1,436,2017,40,"Congo","COB","COG",41,"Dem. Rep. of the Congo","COD","COD",661,29,5,"0","0","0","0","-","0"
1,"3LmS1a",1,437,2017,41,"Dem. Rep. of the Congo","COD","COD",41,"Dem. Rep. of the Congo","COD","COD","0","0","0",4351376,255635,"0","0","-","0"
1,"3LmS1a",1,438,2017,56,"Eritrea","ERT","ERI",41,"Dem. Rep. of the Congo","COD","COD",5,"0","0","0","0","0","0","-","0"
1,"3LmS1a",1,439,2017,87,"Cote d'Ivoire","ICO","CIV",41,"Dem. Rep. of the Congo","COD","COD",7,7,"0","0","0","0","0","-","0"
1,"3LmS1a",1,440,2017,99,"Kenya","KEN","KEN",41,"Dem. Rep. of the Congo","COD","COD","0",5,"0","0","0","0","0","-","0"
1,"3LmS1a",1,441,2017,106,"Liberia","LBR","LBR",41,"Dem. Rep. of the Congo","COD","COD",5,19,"0","0","0","0","0","-","0"
1,"3LmS1a",1,442,2017,126,"Mali","MLI","MLI",41,"Dem. Rep. of the Congo","COD","COD","0",15,"0","0","0","0","0","-","0"
1,"3LmS1a",1,443,2017,137,"Nepal","NEP","NPL",41,"Dem. Rep. of the Congo","COD","COD","0",5,"0","0","0","0","0","-","0"
1,"3LmS1a",1,444,2017,141,"Nigeria","NIG","NGA",41,"Dem. Rep. of the Congo","COD","COD","0",5,"0","0","0","0","0","-","0"
1,"3LmS1a",1,445,2017,161,"Rwanda","RWA","RWA",41,"Dem. Rep. of the Congo","COD","COD",220377,181,18075,"0","0","0","0","-","0"
1,"3LmS1a",1,446,2017,172,"Somalia","SOM","SOM",41,"Dem. Rep. of the Congo","COD","COD",14,48,"0","0","0","0","0","-","0"
1,"3LmS1a",1,447,2017,179,"South Sudan","SSD","SSD",41,"Dem. Rep. of the Congo","COD","COD",88970,17,"0","0","0","0","0","-","0"
1,"3LmS1a",1,448,2017,177,"Sudan","SUD","SDN",41,"Dem. Rep. of the Congo","COD","COD",151,"0","0","0","0","0","0","-","0"
1,"3LmS1a",1,449,2017,185,"Syrian Arab Rep.","SYR","SYR",41,"Dem. Rep. of the Congo","COD","COD",8,20,"0","0","0","0","0","-","0"
1,"3LmS1a",1,450,2017,199,"Uganda","UGA","UGA",41,"Dem. Rep. of the Congo","COD","COD",25,5,"0","0","0","0","0","-","0"
1,"3LmS1a",1,451,2018,6,"Angola","ANG","AGO",41,"Dem. Rep. of the Congo","COD","COD",490,13,"0","0","0","0","0","-","0"
1,"3LmS1a",1,452,2018,16,"Burundi","BDI","BDI",41,"Dem. Rep. of the Congo","COD","COD",43010,529,180,"0","0","0","0","-","0"
1,"3LmS1a",1,453,2018,34,"Central African Rep.","CAR","CAF",41,"Dem. Rep. of the Congo","COD","COD",172011,619,4285,"0","0","0","0","-","0"
1,"3LmS1a",1,454,2018,36,"Chad","CHD","TCD",41,"Dem. Rep. of the Congo","COD","COD",5,16,"0","0","0","0","0","-","0"
1,"3LmS1a",1,455,2018,39,"Cameroon","CMR","CMR",41,"Dem. Rep. of the Congo","COD","COD","0",26,"0","0","0","0","0","-","0"
1,"3LmS1a",1,456,2018,40,"Congo","COB","COG",41,"Dem. Rep. of the Congo","COD","COD",657,29,"0","0","0","0","0","-","0"
1,"3LmS1a",1,457,2018,41,"Dem. Rep. of the Congo","COD","COD",41,"Dem. Rep. of the Congo","COD","COD","0","0","0",4516866,"0","0","0","-","0"
1,"3LmS1a",1,458,2018,56,"Eritrea","ERT","ERI",41,"Dem. Rep. of the Congo","COD","COD",5,"0","0","0","0","0","0","-","0"
1,"3LmS1a",1,459,2018,87,"Cote d'Ivoire","ICO","CIV",41,"Dem. Rep. of the Congo","COD","COD",5,7,"0","0","0","0","0","-","0"
1,"3LmS1a",1,460,2018,99,"Kenya","KEN","KEN",41,"Dem. Rep. of the Congo","COD","COD","0",5,"0","0","0","0","0","-","0"
1,"3LmS1a",1,461,2018,106,"Liberia","LBR","LBR",41,"Dem. Rep. of the Congo","COD","COD",5,19,"0","0","0","0","0","-","0"
1,"3LmS1a",1,462,2018,126,"Mali","MLI","MLI",41,"Dem. Rep. of the Congo","COD","COD","0",15,"0","0","0","0","0","-","0"
1,"3LmS1a",1,463,2018,137,"Nepal","NEP","NPL",41,"Dem. Rep. of the Congo","COD","COD","0",5,"0","0","0","0","0","-","0"
1,"3LmS1a",1,464,2018,139,"Niger","NGR","NER",41,"Dem. Rep. of the Congo","COD","COD","0",5,"0","0","0","0","0","-","0"
1,"3LmS1a",1,465,2018,161,"Rwanda","RWA","RWA",41,"Dem. Rep. of the Congo","COD","COD",216986,171,3053,"0","0","0","0","-","0"
1,"3LmS1a",1,466,2018,172,"Somalia","SOM","SOM",41,"Dem. Rep. of the Congo","COD","COD",14,52,"0","0","0","0","0","-","0"
1,"3LmS1a",1,467,2018,179,"South Sudan","SSD","SSD",41,"Dem. Rep. of the Congo","COD","COD",95704,4229,367,"0","0","0","0","-","0"
1,"3LmS1a",1,468,2018,177,"Sudan","SUD","SDN",41,"Dem. Rep. of the Congo","COD","COD",152,5,"0","0","0","0","0","-","0"
1,"3LmS1a",1,469,2018,185,"Syrian Arab Rep.","SYR","SYR",41,"Dem. Rep. of the Congo","COD","COD",5,20,"0","0","0","0","0","-","0"
1,"3LmS1a",1,470,2018,199,"Uganda","UGA","UGA",41,"Dem. Rep. of the Congo","COD","COD",16,5,"0","0","0","0","0","-","0"
1,"3LmS1a",1,471,2019,6,"Angola","ANG","AGO",41,"Dem. Rep. of the Congo","COD","COD",490,16,"0","0","0","0","0","-","0"
1,"3LmS1a",1,472,2019,16,"Burundi","BDI","BDI",41,"Dem. Rep. of the Congo","COD","COD",47570,2199,101,"0","0","0","0","-","0"
1,"3LmS1a",1,473,2019,34,"Central African Rep.","CAR","CAF",41,"Dem. Rep. of the Congo","COD","COD",171234,632,12925,"0","0","0","0","-","0"
1,"3LmS1a",1,474,2019,36,"Chad","CHD","TCD",41,"Dem. Rep. of the Congo","COD","COD","0",15,"0","0","0","0","0","-","0"
1,"3LmS1a",1,475,2019,39,"Cameroon","CMR","CMR",41,"Dem. Rep. of the Congo","COD","COD","0",16,"0","0","0","0","0","-","0"
1,"3LmS1a",1,476,2019,40,"Congo","COB","COG",41,"Dem. Rep. of the Congo","COD","COD",649,19,5,"0","0","0","0","-","0"
1,"3LmS1a",1,477,2019,41,"Dem. Rep. of the Congo","COD","COD",41,"Dem. Rep. of the Congo","COD","COD","0","0","0",5014253,2134349,"0","0","-","0"
1,"3LmS1a",1,478,2019,56,"Eritrea","ERT","ERI",41,"Dem. Rep. of the Congo","COD","COD",5,"0","0","0","0","0","0","-","0"
1,"3LmS1a",1,479,2019,58,"Ethiopia","ETH","ETH",41,"Dem. Rep. of the Congo","COD","COD","0",5,"0","0","0","0","0","-","0"
1,"3LmS1a",1,480,2019,69,"Palestinian","GAZ","PSE",41,"Dem. Rep. of the Congo","COD","COD","0",7,"0","0","0","0","0","-","0"
1,"3LmS1a",1,481,2019,87,"Cote d'Ivoire","ICO","CIV",41,"Dem. Rep. of the Congo","COD","COD",12,15,"0","0","0","0","0","-","0"
1,"3LmS1a",1,482,2019,99,"Kenya","KEN","KEN",41,"Dem. Rep. of the Congo","COD","COD","0",5,"0","0","0","0","0","-","0"
1,"3LmS1a",1,483,2019,106,"Liberia","LBR","LBR",41,"Dem. Rep. of the Congo","COD","COD",9,12,"0","0","0","0","0","-","0"
1,"3LmS1a",1,484,2019,126,"Mali","MLI","MLI",41,"Dem. Rep. of the Congo","COD","COD","0",11,"0","0","0","0","0","-","0"
1,"3LmS1a",1,485,2019,139,"Niger","NGR","NER",41,"Dem. Rep. of the Congo","COD","COD","0",5,"0","0","0","0","0","-","0"
1,"3LmS1a",1,486,2019,158,"Romania","ROM","ROU",41,"Dem. Rep. of the Congo","COD","COD","0",5,"0","0","0","0","0","-","0"
1,"3LmS1a",1,487,2019,161,"Rwanda","RWA","RWA",41,"Dem. Rep. of the Congo","COD","COD",214989,133,2136,"0","0","0","0","-","0"
1,"3LmS1a",1,488,2019,172,"Somalia","SOM","SOM",41,"Dem. Rep. of the Congo","COD","COD",16,51,"0","0","0","0","0","-","0"
1,"3LmS1a",1,489,2019,179,"South Sudan","SSD","SSD",41,"Dem. Rep. of the Congo","COD","COD",88717,8,5599,"0","0","0","0","-","0"
1,"3LmS1a",1,490,2019,177,"Sudan","SUD","SDN",41,"Dem. Rep. of the Congo","COD","COD",20,12,"0","0","0","0","0","-","0"
1,"3LmS1a",1,491,2019,185,"Syrian Arab Rep.","SYR","SYR",41,"Dem. Rep. of the Congo","COD","COD",5,26,"0","0","0","0","0","-","0"
1,"3LmS1a",1,492,2019,199,"Uganda","UGA","UGA",41,"Dem. Rep. of the Congo","COD","COD",17,"0","0","0","0","0","0","-","0"
1,"3LmS1a",1,493,2020,6,"Angola","ANG","AGO",41,"Dem. Rep. of the Congo","COD","COD",414,25,"0","0","0","0","0","-","0"
1,"3LmS1a",1,494,2020,16,"Burundi","BDI","BDI",41,"Dem. Rep. of the Congo","COD","COD",46829,536,1946,"0","0","0","0","-","0"
1,"3LmS1a",1,495,2020,34,"Central African Rep.","CAR","CAF",41,"Dem. Rep. of the Congo","COD","COD",173731,590,2064,"0","0","0","0","-","0"
1,"3LmS1a",1,496,2020,36,"Chad","CHD","TCD",41,"Dem. Rep. of the Congo","COD","COD",5,15,"0","0","0","0","0","-","0"
1,"3LmS1a",1,497,2020,39,"Cameroon","CMR","CMR",41,"Dem. Rep. of the Congo","COD","COD","0",19,"0","0","0","0","0","-","0"
1,"3LmS1a",1,498,2020,40,"Congo","COB","COG",41,"Dem. Rep. of the Congo","COD","COD",637,25,5,"0","0","0","0","-","0"
1,"3LmS1a",1,499,2020,41,"Dem. Rep. of the Congo","COD","COD",41,"Dem. Rep. of the Congo","COD","COD","0","0","0",5198131,1434272,"0","0","-","0"
1,"3LmS1a",1,500,2020,56,"Eritrea","ERT","ERI",41,"Dem. Rep. of the Congo","COD","COD",6,"0","0","0","0","0","0","-","0"
1,"3LmS1a",1,501,2020,58,"Ethiopia","ETH","ETH",41,"Dem. Rep. of the Congo","COD","COD","0",5,"0","0","0","0","0","-","0"
1,"3LmS1a",1,502,2020,69,"Palestinian","GAZ","PSE",41,"Dem. Rep. of the Congo","COD","COD","0",6,"0","0","0","0","0","-","0"
1,"3LmS1a",1,503,2020,87,"Cote d'Ivoire","ICO","CIV",41,"Dem. Rep. of the Congo","COD","COD",7,9,"0","0","0","0","0","-","0"
1,"3LmS1a",1,504,2020,99,"Kenya","KEN","KEN",41,"Dem. Rep. of the Congo","COD","COD","0",5,"0","0","0","0","0","-","0"
1,"3LmS1a",1,505,2020,106,"Liberia","LBR","LBR",41,"Dem. Rep. of the Congo","COD","COD",5,10,"0","0","0","0","0","-","0"
1,"3LmS1a",1,506,2020,109,"Lebanon","LEB","LBN",41,"Dem. Rep. of the Congo","COD","COD","0",5,"0","0","0","0","0","-","0"
1,"3LmS1a",1,507,2020,126,"Mali","MLI","MLI",41,"Dem. Rep. of the Congo","COD","COD","0",11,"0","0","0","0","0","-","0"
1,"3LmS1a",1,508,2020,139,"Niger","NGR","NER",41,"Dem. Rep. of the Congo","COD","COD","0",5,"0","0","0","0","0","-","0"
1,"3LmS1a",1,509,2020,158,"Romania","ROM","ROU",41,"Dem. Rep. of the Congo","COD","COD","0",5,"0","0","0","0","0","-","0"
1,"3LmS1a",1,510,2020,161,"Rwanda","RWA","RWA",41,"Dem. Rep. of the Congo","COD","COD",213777,133,922,"0","0","0","0","-","0"
1,"3LmS1a",1,511,2020,172,"Somalia","SOM","SOM",41,"Dem. Rep. of the Congo","COD","COD",14,55,"0","0","0","0","0","-","0"
1,"3LmS1a",1,512,2020,179,"South Sudan","SSD","SSD",41,"Dem. Rep. of the Congo","COD","COD",54755,"0",5000,"0","0","0","0","-","0"
1,"3LmS1a",1,513,2020,177,"Sudan","SUD","SDN",41,"Dem. Rep. of the Congo","COD","COD",32,8,"0","0","0","0","0","-","0"
1,"3LmS1a",1,514,2020,185,"Syrian Arab Rep.","SYR","SYR",41,"Dem. Rep. of the Congo","COD","COD",8,13,"0","0","0","0","0","-","0"
1,"3LmS1a",1,515,2020,199,"Uganda","UGA","UGA",41,"Dem. Rep. of the Congo","COD","COD",23,"0","0","0","0","0","0","-","0"
1,"3LmS1a",1,516,2021,6,"Angola","ANG","AGO",41,"Dem. Rep. of the Congo","COD","COD",417,25,"0","0","0","0","0","-","0"
1,"3LmS1a",1,517,2021,16,"Burundi","BDI","BDI",41,"Dem. Rep. of the Congo","COD","COD",41031,1114,7296,"0","0","0","0","-","0"
1,"3LmS1a",1,518,2021,34,"Central African Rep.","CAR","CAF",41,"Dem. Rep. of the Congo","COD","COD",212630,63,5454,"0","0","0","0","-","0"
1,"3LmS1a",1,519,2021,36,"Chad","CHD","TCD",41,"Dem. Rep. of the Congo","COD","COD",5,15,"0","0","0","0","0","-","0"
1,"3LmS1a",1,520,2021,39,"Cameroon","CMR","CMR",41,"Dem. Rep. of the Congo","COD","COD","0",19,"0","0","0","0","0","-","0"
1,"3LmS1a",1,521,2021,40,"Congo","COB","COG",41,"Dem. Rep. of the Congo","COD","COD",647,25,"0","0","0","0","0","-","0"
1,"3LmS1a",1,522,2021,41,"Dem. Rep. of the Congo","COD","COD",41,"Dem. Rep. of the Congo","COD","COD","0","0","0",5407840,1041368,"0","0","-","0"
1,"3LmS1a",1,523,2021,56,"Eritrea","ERT","ERI",41,"Dem. Rep. of the Congo","COD","COD",7,"0","0","0","0","0","0","-","0"
1,"3LmS1a",1,524,2021,58,"Ethiopia","ETH","ETH",41,"Dem. Rep. of the Congo","COD","COD","0",5,"0","0","0","0","0","-","0"
1,"3LmS1a",1,525,2021,69,"Palestinian","GAZ","PSE",41,"Dem. Rep. of the Congo","COD","COD","0",6,"0","0","0","0","0","-","0"
1,"3LmS1a",1,526,2021,87,"Cote d'Ivoire","ICO","CIV",41,"Dem. Rep. of the Congo","COD","COD",12,8,"0","0","0","0","0","-","0"
1,"3LmS1a",1,527,2021,106,"Liberia","LBR","LBR",41,"Dem. Rep. of the Congo","COD","COD",5,10,"0","0","0","0","0","-","0"
1,"3LmS1a",1,528,2021,109,"Lebanon","LEB","LBN",41,"Dem. Rep. of the Congo","COD","COD","0",5,"0","0","0","0","0","-","0"
1,"3LmS1a",1,529,2021,126,"Mali","MLI","MLI",41,"Dem. Rep. of the Congo","COD","COD","0",11,"0","0","0","0","0","-","0"
1,"3LmS1a",1,530,2021,139,"Niger","NGR","NER",41,"Dem. Rep. of the Congo","COD","COD","0",5,"0","0","0","0","0","-","0"
1,"3LmS1a",1,531,2021,158,"Romania","ROM","ROU",41,"Dem. Rep. of the Congo","COD","COD","0",5,"0","0","0","0","0","-","0"
1,"3LmS1a",1,532,2021,161,"Rwanda","RWA","RWA",41,"Dem. Rep. of the Congo","COD","COD",210978,74,1920,"0","0","0","0","-","0"
1,"3LmS1a",1,533,2021,172,"Somalia","SOM","SOM",41,"Dem. Rep. of the Congo","COD","COD",15,73,"0","0","0","0","0","-","0"
1,"3LmS1a",1,534,2021,179,"South Sudan","SSD","SSD",41,"Dem. Rep. of the Congo","COD","COD",56341,731,14588,"0","0","0","0","-","0"
1,"3LmS1a",1,535,2021,177,"Sudan","SUD","SDN",41,"Dem. Rep. of the Congo","COD","COD",2023,7,"0","0","0","0","0","-","0"
1,"3LmS1a",1,536,2021,185,"Syrian Arab Rep.","SYR","SYR",41,"Dem. Rep. of the Congo","COD","COD",12,12,"0","0","0","0","0","-","0"
1,"3LmS1a",1,537,2021,199,"Uganda","UGA","UGA",41,"Dem. Rep. of the Congo","COD","COD",25,"0","0","0","0","0","0","-","0"
1,"3LmS1a",1,538,2021,214,"Zimbabwe","ZIM","ZWE",41,"Dem. Rep. of the Congo","COD","COD","0",5,"0","0","0","0","0","-","0"
1,"3LmS1a",1,539,2022,6,"Angola","ANG","AGO",41,"Dem. Rep. of the Congo","COD","COD",365,23,17,"0","0","0","0","-","0"
1,"3LmS1a",1,540,2022,16,"Burundi","BDI","BDI",41,"Dem. Rep. of the Congo","COD","COD",43623,1496,3482,"0","0","0",5,"-","0"
1,"3LmS1a",1,541,2022,34,"Central African Rep.","CAR","CAF",41,"Dem. Rep. of the Congo","COD","COD",211137,43,3427,"0","0","0",12,"-","0"
1,"3LmS1a",1,542,2022,36,"Chad","CHD","TCD",41,"Dem. Rep. of the Congo","COD","COD",22,5,"0","0","0","0","0","-","0"
1,"3LmS1a",1,543,2022,39,"Cameroon","CMR","CMR",41,"Dem. Rep. of the Congo","COD","COD","0",10,"0","0","0","0","0","-","0"
1,"3LmS1a",1,544,2022,40,"Congo","COB","COG",41,"Dem. Rep. of the Congo","COD","COD",642,15,5,"0","0","0","0","-","0"
1,"3LmS1a",1,545,2022,41,"Dem. Rep. of the Congo","COD","COD",41,"Dem. Rep. of the Congo","COD","COD","0","0","0",5541021,1216942,"0","0","-","0"
1,"3LmS1a",1,546,2022,56,"Eritrea","ERT","ERI",41,"Dem. Rep. of the Congo","COD","COD",7,5,"0","0","0","0","0","-","0"
1,"3LmS1a",1,547,2022,58,"Ethiopia","ETH","ETH",41,"Dem. Rep. of the Congo","COD","COD",5,"0","0","0","0","0","0","-","0"
1,"3LmS1a",1,548,2022,69,"Palestinian","GAZ","PSE",41,"Dem. Rep. of the Congo","COD","COD","0",5,"0","0","0","0","0","-","0"
1,"3LmS1a",1,549,2022,87,"Cote d'Ivoire","ICO","CIV",41,"Dem. Rep. of the Congo","COD","COD",12,5,"0","0","0","0","0","-","0"
1,"3LmS1a",1,550,2022,106,"Liberia","LBR","LBR",41,"Dem. Rep. of the Congo","COD","COD",5,"0","0","0","0","0","0","-","0"
1,"3LmS1a",1,551,2022,126,"Mali","MLI","MLI",41,"Dem. Rep. of the Congo","COD","COD",9,"0","0","0","0","0","0","-","0"
1,"3LmS1a",1,552,2022,139,"Niger","NGR","NER",41,"Dem. Rep. of the Congo","COD","COD",10,"0","0","0","0","0","0","-","0"
1,"3LmS1a",1,553,2022,161,"Rwanda","RWA","RWA",41,"Dem. Rep. of the Congo","COD","COD",208755,136,2451,"0","0","0",27,"-","0"
1,"3LmS1a",1,554,2022,172,"Somalia","SOM","SOM",41,"Dem. Rep. of the Congo","COD","COD",15,171,"0","0","0","0","0","-","0"
1,"3LmS1a",1,555,2022,179,"South Sudan","SSD","SSD",41,"Dem. Rep. of the Congo","COD","COD",55829,210,784,"0","0","0","0","-","0"
1,"3LmS1a",1,556,2022,177,"Sudan","SUD","SDN",41,"Dem. Rep. of the Congo","COD","COD",69,"0","0","0","0","0","0","-","0"
1,"3LmS1a",1,557,2022,185,"Syrian Arab Rep.","SYR","SYR",41,"Dem. Rep. of the Congo","COD","COD",12,18,"0","0","0","0","0","-","0"
1,"3LmS1a",1,558,2022,199,"Uganda","UGA","UGA",41,"Dem. Rep. of the Congo","COD","COD",27,"0","0","0","0","0",5,"-","0"
1,"3LmS1a",1,559,2022,214,"Zimbabwe","ZIM","ZWE",41,"Dem. Rep. of the Congo","COD","COD","0",5,"0","0","0","0","0","-","0"
1,"3LmS1a",1,560,2023,6,"Angola","ANG","AGO",41,"Dem. Rep. of the Congo","COD","COD",374,26,"0","0","0","0","0","-","0"
1,"3LmS1a",1,561,2023,16,"Burundi","BDI","BDI",41,"Dem. Rep. of the Congo","COD","COD",49897,2211,4534,"0","0","0",13,"-","0"
1,"3LmS1a",1,562,2023,34,"Central African Rep.","CAR","CAF",41,"Dem. Rep. of the Congo","COD","COD",211706,68,2382,"0","0","0",14,"-","0"
1,"3LmS1a",1,563,2023,36,"Chad","CHD","TCD",41,"Dem. Rep. of the Congo","COD","COD",22,"0","0","0","0","0","0","-","0"
1,"3LmS1a",1,564,2023,39,"Cameroon","CMR","CMR",41,"Dem. Rep. of the Congo","COD","COD","0",11,"0","0","0","0","0","-","0"
1,"3LmS1a",1,565,2023,40,"Congo","COB","COG",41,"Dem. Rep. of the Congo","COD","COD",718,19,"0","0","0","0","0","-","0"
1,"3LmS1a",1,566,2023,41,"Dem. Rep. of the Congo","COD","COD",41,"Dem. Rep. of the Congo","COD","COD","0","0","0",6251790,1833092,"0","0","-","0"
1,"3LmS1a",1,567,2023,56,"Eritrea","ERT","ERI",41,"Dem. Rep. of the Congo","COD","COD",8,5,"0","0","0","0","0","-","0"
1,"3LmS1a",1,568,2023,58,"Ethiopia","ETH","ETH",41,"Dem. Rep. of the Congo","COD","COD",5,"0","0","0","0","0","0","-","0"
1,"3LmS1a",1,569,2023,69,"Palestinian","GAZ","PSE",41,"Dem. Rep. of the Congo","COD","COD","0",5,"0","0","0","0","0","-","0"
1,"3LmS1a",1,570,2023,87,"Cote d'Ivoire","ICO","CIV",41,"Dem. Rep. of the Congo","COD","COD",12,5,"0","0","0","0","0","-","0"
1,"3LmS1a",1,571,2023,106,"Liberia","LBR","LBR",41,"Dem. Rep. of the Congo","COD","COD",5,"0","0","0","0","0","0","-","0"
1,"3LmS1a",1,572,2023,126,"Mali","MLI","MLI",41,"Dem. Rep. of the Congo","COD","COD",9,"0","0","0","0","0","0","-","0"
1,"3LmS1a",1,573,2023,139,"Niger","NGR","NER",41,"Dem. Rep. of the Congo","COD","COD",10,"0","0","0","0","0","0","-","0"
1,"3LmS1a",1,574,2023,161,"Rwanda","RWA","RWA",41,"Dem. Rep. of the Congo","COD","COD",207190,186,1924,"0","0","0",29,"-","0"
1,"3LmS1a",1,575,2023,172,"Somalia","SOM","SOM",41,"Dem. Rep. of the Congo","COD","COD",23,283,"0","0","0","0","0","-","0"
1,"3LmS1a",1,576,2023,179,"South Sudan","SSD","SSD",41,"Dem. Rep. of the Congo","COD","COD",53307,245,1583,"0","0","0","0","-","0"
1,"3LmS1a",1,577,2023,177,"Sudan","SUD","SDN",41,"Dem. Rep. of the Congo","COD","COD",62,"0","0","0","0","0","0","-","0"
1,"3LmS1a",1,578,2023,185,"Syrian Arab Rep.","SYR","SYR",41,"Dem. Rep. of the Congo","COD","COD",15,32,"0","0","0","0","0","-","0"
1,"3LmS1a",1,579,2023,199,"Uganda","UGA","UGA",41,"Dem. Rep. of the Congo","COD","COD",29,5,"0","0","0","0",5,"-","0"
1,"3LmS1a",1,580,2023,214,"Zimbabwe","ZIM","ZWE",41,"Dem. Rep. of the Congo","COD","COD","0",5,"0","0","0","0","0","-","0"
1,"3LmS1a",1,581,2024,6,"Angola","ANG","AGO",41,"Dem. Rep. of the Congo","COD","COD",396,27,17,"0","0","0","0","-","0"
1,"3LmS1a",1,582,2024,16,"Burundi","BDI","BDI",41,"Dem. Rep. of the Congo","COD","COD",50716,162,2268,"0","0","0","0","-","0"
1,"3LmS1a",1,583,2024,34,"Central African Rep.","CAR","CAF",41,"Dem. Rep. of the Congo","COD","COD",206177,77,9321,"0","0","0",11,"-","0"
1,"3LmS1a",1,584,2024,36,"Chad","CHD","TCD",41,"Dem. Rep. of the Congo","COD","COD",6,6,"0","0","0","0",21,"-","0"
1,"3LmS1a",1,585,2024,39,"Cameroon","CMR","CMR",41,"Dem. Rep. of the Congo","COD","COD","0",5,"0","0","0","0","0","-","0"
1,"3LmS1a",1,586,2024,40,"Congo","COB","COG",41,"Dem. Rep. of the Congo","COD","COD",407,21,"0","0","0","0","0","-","0"
1,"3LmS1a",1,587,2024,41,"Dem. Rep. of the Congo","COD","COD",41,"Dem. Rep. of the Congo","COD","COD","0","0","0",6905511,2361409,"0","0","-","0"
1,"3LmS1a",1,588,2024,56,"Eritrea","ERT","ERI",41,"Dem. Rep. of the Congo","COD","COD",9,5,"0","0","0","0","0","-","0"
1,"3LmS1a",1,589,2024,58,"Ethiopia","ETH","ETH",41,"Dem. Rep. of the Congo","COD","COD",5,"0","0","0","0","0","0","-","0"
1,"3LmS1a",1,590,2024,69,"Palestinian","GAZ","PSE",41,"Dem. Rep. of the Congo","COD","COD","0",5,"0","0","0","0","0","-","0"
1,"3LmS1a",1,591,2024,87,"Cote d'Ivoire","ICO","CIV",41,"Dem. Rep. of the Congo","COD","COD",9,"0","0","0","0","0","0","-","0"
1,"3LmS1a",1,592,2024,106,"Liberia","LBR","LBR",41,"Dem. Rep. of the Congo","COD","COD",5,"0","0","0","0","0","0","-","0"
1,"3LmS1a",1,593,2024,109,"Lebanon","LEB","LBN",41,"Dem. Rep. of the Congo","COD","COD","0",5,"0","0","0","0","0","-","0"
1,"3LmS1a",1,594,2024,126,"Mali","MLI","MLI",41,"Dem. Rep. of the Congo","COD","COD","0","0","0","0","0","0",9,"-","0"
1,"3LmS1a",1,595,2024,141,"Nigeria","NIG","NGA",41,"Dem. Rep. of the Congo","COD","COD","0","0","0","0","0","0",10,"-","0"
1,"3LmS1a",1,596,2024,161,"Rwanda","RWA","RWA",41,"Dem. Rep. of the Congo","COD","COD",204227,132,1512,"0","0","0",25,"-","0"
1,"3LmS1a",1,597,2024,172,"Somalia","SOM","SOM",41,"Dem. Rep. of the Congo","COD","COD",20,312,"0","0","0","0","0","-","0"
1,"3LmS1a",1,598,2024,179,"South Sudan","SSD","SSD",41,"Dem. Rep. of the Congo","COD","COD",55325,234,2348,"0","0","0",6,"-","0"
1,"3LmS1a",1,599,2024,177,"Sudan","SUD","SDN",41,"Dem. Rep. of the Congo","COD","COD",56,13,"0","0","0","0","0","-","0"
1,"3LmS1a",1,600,2024,185,"Syrian Arab Rep.","SYR","SYR",41,"Dem. Rep. of the Congo","COD","COD",21,37,"0","0","0","0","0","-","0"
1,"3LmS1a",1,601,2024,199,"Uganda","UGA","UGA",41,"Dem. Rep. of the Congo","COD","COD",25,"0","0","0","0","0","0","-","0"
